imageID,Image,Occ_au_1,Occ_au_2,Occ_au_4,Occ_au_6,Occ_au_7,Occ_au_10,Occ_au_12,Occ_au_14,Occ_au_15,Occ_au_17,Occ_au_23,Occ_au_24,imageDBName,imageCat,lookup_key
1,B1NegBW.bmp,0.051391076,0.005563093,0.000307478,0.052220687,0.9995384216308594,0.000270707,0.004598131,0.014014745131134987,2.1836582163814455e-05,1.5616136806784198e-05,3.554343857103959e-05,1.7411338149031508e-08,B1,1,B1Neg
2,B1PosBw.bmp,0.013505191542208195,0.07075984,9.747510921442881e-05,0.9983780384063721,0.9999996423721313,0.7144708037376404,0.9999383687973022,0.4671643078327179,8.111509487207513e-06,2.579050306650288e-09,0.001793459,3.9598165813004016e-07,B1,3,B1Pos
3,B2NegBw.bmp,0.10370449721813202,0.001204098,0.012648961506783962,0.9999882578849792,0.9999990463256836,0.8966074585914612,0.9999164342880249,0.9804503917694092,3.77712829902066e-08,1.9793338842943875e-11,0.000330404,9.233028563926382e-09,B2,1,B2Neg
4,B2NeuBW.bmp,0.10588096082210541,0.3313128650188446,1.0152326268553225e-07,3.765446621173396e-08,0.7368793487548828,1.2082158718840219e-05,5.222211711952696e-06,0.005558769,3.621002906584181e-05,1.697302991487959e-07,1.3770647910860134e-06,2.61124732947593e-10,B2,2,B2Neu
6,B2PosBW.bmp,0.016891958191990852,0.043713398,5.852531103300862e-05,0.9999828338623047,0.9999998807907104,0.8641440868377686,1,0.5009042620658875,3.8002624933142215e-05,3.3001845613916947e-13,4.2464038415346295e-05,5.713486324679384e-13,B2,3,B2Pos
7,B3NegBw.bmp,0.022406777,0.9898995161056519,2.5373323234156864e-13,2.862159077451909e-12,0.006942789,0.7453657984733582,9.43644845392555e-05,0.006439839,0.024992849677801132,3.2439797514882684e-09,0.011359458789229393,2.3318096342705985e-09,B3,1,B3Neg
9,B3PosBW.bmp,0.21002274751663208,0.001499573,3.75458958221846e-15,0.9996589422225952,0.5286029577255249,0.7623616456985474,0.9998689889907837,0.5461992025375366,5.347388196241809e-06,1.8357262376866856e-09,0.000211972,9.447398917859784e-14,B3,3,B3Pos
10,B4NegBw.bmp,0.001483696,3.5191525967093185e-05,0.30897998809814453,0.4516535997390747,1,0.9050803780555725,0.28762152791023254,0.7935096025466919,0.11824581772089005,7.587421246846304e-10,0.020869346,3.0041472239526745e-13,B4,1,B4Neg
13,B4PosBW.bmp,0.16389763355255127,0.011349277570843697,0.00039787,0.9797967076301575,0.999992847,0.007708738,0.9999827742576599,0.2408330738544464,2.081921657293151e-08,9.111537219164134e-11,0.000342411,1.3210152589870905e-11,B4,3,B4Pos
14,B5NegBW.bmp,0.019202922,0.000688649,6.287131782301003e-06,0.47340911626815796,0.999173105,0.8492670059204102,0.000420771,0.004000006,1.9097456970484927e-05,2.7880639463795376e-10,0.000407265,3.487055708135847e-15,B5,1,B5Neg
16,B5NeuBW.bmp,0.009911278,0.000729151,1.6122613053473525e-16,3.813627699855715e-06,0.010259354,0.9549909830093384,0.000139729,0.003982231,1.7029726677719736e-06,1.5151871934904193e-07,0.000115236,2.712717162012268e-09,B5,2,B5Neu
17,B5PosBW.bmp,0.003246093,0.001593764,9.691612490314583e-08,0.6027780175209045,0.9889256358146667,0.9978856444358826,0.11618207395076752,0.11386290192604065,3.186545291100629e-05,4.807560127773058e-09,0.001939102,1.3271288956673288e-08,B5,3,B5Pos
19,B6NegBW.bmp,0.001946463,0.004136138,0.053948841989040375,0.9792130589485168,1,0.7100473046302795,0.8441166877746582,0.6969849467277527,0.000112265,1.175165653677368e-08,9.566706182795315e-08,4.334615298125103e-15,B6,1,B6Neg
21,B6PosBW.bmp,0.001203209,0.11363382637500763,9.69378050053038e-11,0.5810679793357849,0.9999999403953552,0.8889232277870178,0.9807128310203552,0.064317286,3.607648295655963e-07,2.6068840952575556e-07,0.001101674,2.193756332146508e-20,B6,3,B6Pos
22,B7NegBW.bmp,0.004230567,0.000378549,0.008313153,0.003617414,0.9997706413269043,4.97599921800429e-06,5.961044371360913e-05,0.011423495598137379,0.006843871,1.504018090625614e-11,3.950649940520634e-08,2.91852143163851e-06,B7,1,B7Neg
23,B7NeuBW.bmp,0.39621976017951965,0.9772658944129944,1.7889759840698242e-20,2.3106119897420285e-06,0.014029880985617638,0.5420740246772766,0.043300465,0.026407970115542412,2.848739555361135e-08,4.7885180265438976e-08,0.006804022,5.540744307808154e-09,B7,2,B7Neu
24,B7PosBW.bmp,0.076501481,0.10211655497550964,1.0700341307456895e-10,0.6517863273620605,0.9999909400939941,0.6891430020332336,0.401048481,0.12847425043582916,3.4582927810333786e-07,6.42649311544119e-09,0.00055711,1.5879584160192334e-13,B7,3,B7Pos
27,B8NeuBW.bmp,0.198722705,0.6723654270172119,3.4710751080969146e-16,2.473033999805807e-10,0.7437769174575806,0.036945756524801254,0.000653049,0.021637428551912308,3.757645026780665e-05,8.709372423254536e-08,0.00330497,3.527854278238124e-13,B8,2,B8Neu
28,B9NegBW.bmp,[],[],[],[],[],[],[],[],[],[],[],[],B9,1,B9Neg
29,B9NeuBW.bmp,0.193884477,0.575657308,1.8132404875359498e-06,2.5388842459506122e-06,0.8861694931983948,3.8894745557627175e-06,2.183140850320342e-07,0.005092793,0.011730849,0.32344499230384827,0.000306398,1.2294847084870497e-10,B9,2,B9Neu
30,B9PosBW.bmp,0.003368088,0.1931404173374176,0.030430309,0.9994146227836609,0.9999995231628418,0.026071349158883095,0.021687885746359825,0.9887480139732361,4.017605897388421e-05,1.2973851593739427e-12,6.539239620906301e-06,1.0698278539640095e-14,B9,3,B9Pos
32,B10NegBW.bmp,0.014992106705904007,0.001231924,0.008435909,0.9589353203773499,0.9999998807907104,0.9534514546394348,0.033920877,0.019705201,0.091460407,0.073654681,0.003163417,1.3789367585559376e-05,B10,1,B10Neg
33,B10NeuBW.bmp,1.710576361801941e-05,0.000379897,1.35284526636692e-11,1.3860920262231957e-05,0.9900972247123718,0.000151894,3.0537860311596887e-06,0.67227757,0.1694137454032898,1.9314018118166132e-07,0.025086418,2.650467934017797e-07,B10,2,B10Neu
34,B10PosBW.bmp,0.000209904,0.000372622,8.914720092434436e-05,0.9999281167984009,1,0.9863775372505188,0.9999937415122986,0.8031955361366272,1.0410285540274344e-05,2.0696349167792505e-07,1.3899903024139348e-05,3.915950137940716e-13,B10,3,B10Pos
36,B11NegBW.bmp,0.000298836,0.018515415489673615,0.6895025372505188,0.9991539716720581,0.9999890327453613,0.003552182,0.000282494,0.6022838354110718,7.805244450764803e-08,3.766682311834302e-06,0.000484924,9.141293386820697e-17,B11,1,B11Neg
38,B11PosBW.bmp,0.00067317,0.000120609,2.4293663021741126e-15,0.9967912435531616,0.9993806481361389,0.2540641725063324,0.8934370875358582,0.8591547608375549,2.5155060257020523e-07,6.71393962647926e-08,0.018402703,2.5308052045147633e-06,B11,3,B11Pos
39,B12NegBW.bmp,0.1659328043460846,0.002596474,0.9977806806564331,0.3847114145755768,1,0.9511446952819824,0.09643507,0.2731814682483673,0.5203543305397034,2.8980038854764523e-11,0.003390706,1.4199707330047577e-21,B12,1,B12Neg
41,B12PosBW.bmp,0.2795509696006775,0.2265271544456482,0.006526267,0.4872642159461975,0.9975500702857971,0.9309585690498352,0.8164392113685608,0.5776855945587158,8.41487508296268e-06,2.6523383489518437e-10,0.4545780122280121,8.525801592496052e-11,B12,3,B12Pos
42,B13NegBW.bmp,0.025873009115457535,4.158114279562142e-06,8.595950475864811e-07,0.9960454106330872,0.9999997615814209,0.9647361040115356,0.9992294907569885,0.18431241810321808,1.5035278693176224e-06,3.993516975442368e-11,0.7952375411987305,1.3047777918870351e-12,B13,1,B13Neg
45,B13PosBW.bmp,0.019660516,0.019105900079011917,4.586397372996487e-10,0.609734833,0.9999975562095642,0.9567130208015442,0.9916861653327942,0.012381183914840221,8.408655993719094e-10,2.048959446554477e-09,0.002461316,2.1655980231728017e-13,B13,3,B13Pos
46,B14NegBW.bmp,0.001239618,0.000504667,0.005378103,0.9999588131904602,0.9998922944068909,0.458201528,0.923544168,0.9979864358901978,1.1553679257758631e-07,1.3299180645631736e-09,0.001106118,1.5515324136572417e-08,B14,1,B14Neg
47,B14NeuBW.bmp,0.1323171705007553,0.9275099635124207,2.1483622172913108e-11,3.8491112424113294e-13,0.066406235,0.017919711768627167,0.000192358,2.341776962566655e-05,6.913227323934734e-09,1.9510211132001132e-05,1.0046265686014522e-07,2.719715008758783e-10,B14,2,B14Neu
48,B14PosBW.bmp,0.1262708306312561,0.017958574,8.368663628743889e-08,0.020064216,0.9803372025489807,0.029695012,0.9434922933578491,0.018347715958952904,1.1074499539631688e-08,7.233111887217092e-09,0.000110303,7.521991918224558e-09,B14,3,B14Pos
49,B15NegBW.bmp,0.071950167,0.020894410088658333,0.008266089,0.9728968739509583,0.9999736547470093,0.006257968,0.013437082059681416,0.9579843878746033,3.071408355026506e-05,4.7314034645751235e-07,0.001626318,5.652002252857927e-15,B15,1,B15Neg
52,B15PosBW.bmp,0.27206066250801086,0.9951637983322144,1.5222057072605821e-06,0.042172204703092575,0.9992461800575256,8.749399057705887e-06,0.000139999,0.9559407830238342,0.007270448,3.5899845318709822e-09,8.00849447841756e-05,1.667185053205733e-12,B15,3,B15Pos
53,B16NeuBW.bmp,0.12746955454349518,0.004355402,0.030085738748311996,0.090361312,0.5931957364082336,0.000145834,0.050327152013778687,0.7187038064002991,0.000145786,5.809253522670588e-09,1.8734874984716043e-08,8.27591554314333e-12,B16,2,B16Neu
55,B16PosBW.bmp,0.082356378,0.010462977,2.1137571673459504e-14,0.41315123438835144,0.9997736811637878,0.9265779256820679,0.999998927,0.11115649342536926,8.518848959582215e-10,3.1379135401188307e-12,3.093584382440895e-05,2.8865473900019367e-10,B16,3,B16Pos
57,B17NegBW.bmp,1.4645774371047082e-08,2.389669680269435e-05,0.7992451190948486,0.8180676102638245,1,2.0375241547299083e-06,0.097723536,0.920323372,0.001179067,3.683408067445271e-05,0.10055670887231827,6.008992762116447e-18,B17,1,B17Neg
58,B18NegBW.bmp,0.18340317904949188,3.335916209934453e-09,0.002019107,0.056952462,0.9999998807907104,0.36620229482650757,1.7384583372859197e-07,0.9941976070404053,2.2994076971372124e-06,0.5203271508216858,4.1284227336291224e-05,8.403476211334832e-14,B18,1,B18Neg
60,B18NeuBW.bmp,0.26972267031669617,0.003249889,2.183273161327111e-14,9.101801978772528e-09,0.027539432048797607,0.1103607639670372,2.537337422836572e-06,0.012671797,4.694431936513865e-06,2.185581251978874e-06,4.864691618422512e-07,2.7730958154781327e-11,B18,2,B18Neu
61,B18PosBW.bmp,0.000995262,0.009958453,6.092359949860793e-11,0.9742502570152283,0.9999592900276184,0.15548937022686005,0.6962510943412781,0.042616975,1.4643427803662235e-08,1.1041796643684876e-10,1.369373281434605e-09,1.780505267962723e-14,B18,3,B18Pos
63,B19NegBW.bmp,0.001962274,0.26313579082489014,0.002624943,0.9585790038108826,0.9999995827674866,0.7875818610191345,0.15628227591514587,0.037649658,4.0104832805809565e-06,5.118733881204207e-09,1.4315354235350242e-07,4.7644297361537635e-12,B19,1,B19Neg
65,B19PosBW.bmp,0.054849751,0.044576898,1.023191659844198e-14,0.49242883920669556,0.9999998807907104,0.016318262,0.9974594712257385,0.40552639961242676,1.883293043647427e-05,7.371347422160859e-15,1.3183185956222587e-06,3.082610148228903e-18,B19,3,B19Pos
67,B20NegBW.bmp,0.2538752555847168,0.010393776930868626,2.1326246324449016e-10,8.66395712364465e-05,0.5074900388717651,0.032971088,5.543294534504639e-08,0.005764465,0.000503365,0.039728902,8.569031342631206e-05,3.6501091038587674e-09,B20,1,B20Neg
70,B20PosBW.bmp,0.12519460916519165,0.066785477,1.4810698240746989e-12,0.009316043,0.9961432218551636,0.8304682374000549,0.9583807587623596,0.015520489774644375,1.0578579349385109e-05,3.393633291048914e-11,0.014990901574492455,1.2761125489646474e-11,B20,3,B20Pos
71,B21NegBW.bmp,0.014905915595591068,0.42237839102745056,0.006185889,0.6775463819503784,0.9166460037231445,2.319347913726233e-06,0.000300927,0.000979376,1.8787625322147505e-07,8.143340862742932e-11,5.8887977502308786e-05,1.1185020437656283e-18,B21,1,B21Neg
72,B21NeuBW.bmp,0.356055886,0.074092187,4.2804745614992076e-14,1.5935040786896337e-10,0.000312209,0.00532881,1.2064714610460214e-05,0.00121072,3.6340168207971146e-06,3.600944629283953e-12,1.5571481526421849e-06,1.4701949806701707e-15,B21,2,B21Neu
73,B21PosBW.bmp,0.009784726,0.000352781,1.725202419073854e-13,0.000985835,0.9220782518386841,0.998945951,0.004524189,0.021460555493831635,4.454083409655141e-06,3.953934957223737e-09,0.046800438314676285,1.0637005516400677e-06,B21,3,B21Pos
76,B22PosBW.bmp,0.026825191,0.01742067,0.000331468,0.9999644160270691,0.9999998807907104,0.6764769554138184,0.9999954700469971,0.5252072811126709,2.8770223252649885e-06,1.3356562078570278e-08,0.000113115,4.628952386329099e-13,B22,3,B22Pos
77,B23Neu1BW.bmp,2.389699329796713e-05,0.1363358199596405,2.154925368813565e-06,1.2044181841100454e-12,4.493926098803058e-05,1.1749541954486631e-05,0.000189526,0.15479037165641785,0.006166718,2.525471813896729e-07,0.002530158,2.167584586484656e-14,,2,nan
78,B23Neu2BW.bmp,0.015130899846553802,0.4488319158554077,8.414437266293707e-20,1.7042678379652898e-09,0.000398653,0.002695013,3.3573571272427216e-05,4.367996552900877e-06,0.00044029,5.261126603817168e-11,0.00201615,2.719780997639809e-11,,2,nan
79,B23PosBW.bmp,0.15339863300323486,0.5282791256904602,2.2635043839258628e-10,0.9999973773956299,0.9993265867233276,0.3064019978046417,0.9896752238273621,0.6914098858833313,3.901917122739462e-10,2.621337989694439e-05,0.000418018,9.398773426205764e-12,B23,3,B23Pos
81,B24NeuBW.bmp,0.041801098734140396,0.7926927208900452,1.0611583833863847e-10,1.5061948033689987e-05,0.7175437808036804,3.003396159328986e-05,8.217097557938757e-10,0.018673945,0.000998263,1.4613469829782844e-06,0.001784898,5.8718256923384615e-09,B24,2,B24Neu
83,B24PosBW.bmp,0.000328905,0.3767629563808441,4.620377512765117e-05,0.9672507643699646,0.999991238,0.000433925,0.5135710835456848,0.9382634162902832,4.294744030630682e-06,4.851413564210816e-07,4.0291888581123203e-07,1.765815575358043e-12,B24,3,B24Pos
84,B25NegBW.bmp,2.3856915504438803e-05,0.017430556938052177,0.071500205,0.6004754900932312,1,0.8553486466407776,0.066360511,0.004261435,0.000381284,1.9914344966901615e-13,0.027020368725061417,1.3007919381697773e-16,B25,1,B25Neg
86,B25NeuBW.bmp,0.21804220974445343,0.017221097,3.215746083046894e-13,4.167989009484785e-10,0.9243265986442566,0.9939172267913818,0.005108596,0.050352551,0.00092369,2.360250439537026e-09,0.21208909153938293,3.3611237881814304e-07,B25,2,B25Neu
87,B26NegBW.bmp,0.001674768,0.001038409,3.586996399462805e-06,0.16833361983299255,0.9998558163642883,1.46504853546503e-05,0.010392266,0.002213903,6.612712155629197e-08,1.3364164260565303e-05,0.07122761,0.000165189,B26,1,B26Neg
90,B26PosBW.bmp,0.098200068,0.020603680983185768,3.118270228696929e-07,0.077378452,0.9997411966323853,0.9195389151573181,0.9998043179512024,0.1318254917860031,0.000491621,3.2974176774475117e-12,0.006884416,8.604736714823424e-12,B26,3,B26Pos
91,B27NegBW.bmp,8.130701871778001e-07,0.000187647,7.277008506889615e-08,0.4318141043186188,0.9999812245368958,0.9461070895195007,0.6850091814994812,0.4876329004764557,9.6753772993452e-08,1.2959014306090921e-08,6.430063876905479e-07,1.6555618638156022e-12,B27,1,B27Neg
94,B27PosBW.bmp,0.000959714,0.002147253,1.3624638797813532e-13,5.394837785388518e-07,0.9930428862571716,0.37735646963119507,0.9743934273719788,0.00432877,2.8713399657931404e-08,4.4246127595126694e-11,7.674716471228749e-06,5.7313376267131844e-11,B27,3,B27Pos
95,B28NegBW.bmp,0.000395279,4.937421908834949e-05,0.7326754927635193,0.9979668855667114,0.9836387038230896,0.000726413,0.9644195437431335,0.9961018562316895,0.018845545,1.260753634824141e-07,0.5700086355209351,5.670459586326615e-07,B28,1,B28Neg
96,B28NeuBW.bmp,0.000890877,0.026395119726657867,2.0543451384469336e-08,9.155677105354698e-08,0.001683466,1.8014554370893165e-05,7.595783557690083e-08,0.012266561388969421,1.0354096957598813e-05,3.2930927318375325e-06,3.8743371987948194e-05,6.342946509691047e-15,B28,2,B28Neu
97,B28PosBW.bmp,0.000123694,0.12688413262367249,1.5475356121896766e-05,0.084115319,0.9999914169311523,0.001928125,0.9049938321113586,0.086471565,1.3379262782109436e-05,4.531051575606959e-11,9.18126625037985e-06,1.1880318777357513e-12,B28,3,B28Pos
98,B29NegBW.bmp,5.7737643146538176e-06,7.794732255206327e-07,0.004239294,0.9966627359390259,0.9923928380012512,0.000177827,4.5154523832025006e-05,0.006864892,0.004186948,0.006439674,0.001009516,5.157569371583293e-10,B29,1,B29Neg
100,B29PosBW.bmp,0.27957117557525635,0.033011086,8.526375161466149e-10,0.8829767107963562,0.9996708035469055,0.9997239708900452,0.9999915361404419,0.9161602258682251,4.7165338301624615e-09,2.5801313863205166e-10,0.022285176441073418,1.3823947683181542e-13,B29,3,B29Pos
101,B30NegBW.bmp,0.014084417,0.000299396,2.4460140934934316e-07,0.562007725,0.9986500144004822,0.028696464374661446,2.1338175429264084e-05,0.040555402636528015,0.285837859,0.34369343519210815,0.001821918,1.6356929336325265e-05,B30,1,B30Neg
102,B30PosBW.bmp,0.10311422497034073,9.426680480828509e-05,3.4615819544114856e-08,0.004298035,0.9875941872596741,0.013815042562782764,0.017766138538718224,0.8989493250846863,0.000131014,0.000349398,0.003639172,3.3155669321160985e-09,B30,3,B30Pos
104,B31NegBW.bmp,0.044722940772771835,0.000942107,0.00026365,0.8791235089302063,0.9999994039535522,0.9993921518325806,0.9408809542655945,0.004015618,1.6447183952550404e-05,2.3009904122047245e-15,0.00704822,3.5352200333793604e-11,B31,1,B31Neg
107,B32NegBW.bmp,0.003700058,0.032947342842817307,0.000218024,0.8782832622528076,0.9999988675117493,0.828259289,0.000289997,0.13543426990509033,7.171362813096493e-05,1.494693924186663e-09,0.003343026,7.356519093979635e-14,B32,1,B32Neg
108,B32NeuBW.bmp,0.14917826652526855,0.8124735355377197,6.461956303382976e-08,4.024399302693382e-08,0.7056986689567566,0.000270614,1.2738675003731714e-08,0.19751019775867462,0.000472142,1.4963868011363957e-07,0.000199493,8.38754843357492e-09,B32,2,B32Neu
110,B33NeuBW.bmp,0.081341639,0.003802023,2.393517024756875e-05,1.637117748032324e-07,0.5680463314056396,0.002473048,0.00068283,0.001241633,3.179548366460949e-05,2.3358421685770736e-07,0.000693761,2.1018541182700468e-13,B33,2,B33Neu
111,B33PosBW.bmp,0.2735580801963806,0.01660529,0.000119653,0.050140426,0.9971174001693726,0.10441900789737701,0.9979130029678345,0.21650592982769012,1.3596408621197043e-07,6.19423234926586e-10,0.000375656,6.4417130483940266e-12,B33,3,B33Pos
143,G1Neu1BW.bmp,0.3563788831233978,0.999971867,1.0848431042376205e-09,1.339935362665301e-08,0.005684336,0.021048918,0.000222778,0.005931229,2.46211675403174e-05,2.0210770557138602e-11,3.7568380406582946e-08,2.8736050133393656e-14,,2,nan
145,G1Neu2BW.bmp,0.07327126,0.9634400606155396,0.000219568,2.9226973488963304e-13,0.054660093039274216,3.2432967600470874e-06,4.4284778510927936e-08,0.001700962,0.0649096,0.002535924,0.000191232,1.1498207984697584e-12,,2,nan
146,G1PosBW.bmp,0.002321544,0.000554928,0.076652527,0.9999997615814209,1,0.00111054,0.4827542006969452,0.9676399827003479,0.000374353,9.235286146935806e-12,5.378894911700627e-06,3.84856073875825e-13,G1,3,G1Pos
147,G2NegBw.bmp,0.041749381,0.38010281324386597,0.12600262463092804,0.2630264163017273,1,7.540928947946668e-08,0.19626092910766602,0.9908413887023926,2.7826305085909553e-05,6.398832192644477e-05,4.041141801280901e-05,3.93796540515412e-12,G2,1,G2Neg
148,G2NeuBW.bmp,0.1930294781923294,0.016997924,8.488546671125974e-11,2.305232014391395e-13,0.011330734007060528,5.607937509921612e-06,7.402538651501978e-12,0.002270808,2.907753332692664e-05,6.86186904204078e-05,3.05469729937613e-05,4.0022141156725866e-09,G2,2,G2Neu
149,G2PosBW.bmp,0.15759927034378052,0.014504199847579002,4.7698677008156665e-08,8.809976861812174e-06,0.8199669122695923,9.214156307280064e-05,0.10839687287807465,0.043935179710388184,1.3761402328782424e-07,2.459300958435051e-05,0.06076175,4.379639879925623e-12,G2,3,G2Pos
153,G4NegBw.bmp,0.001660611,1.1990856364718638e-05,0.002307833,0.9997096657752991,0.9998087286949158,0.9956274032592773,0.9117998480796814,0.031352680176496506,2.732928260229528e-05,3.823767691368829e-11,0.061547197,1.5275456632934947e-07,G4,1,G4Neg
154,G4NeuBW.bmp,0.442918599,0.9928184747695923,6.383731321335517e-10,5.220751097872924e-15,0.001253065,0.002034044,1.405670991516672e-05,0.000612454,1.66423233167734e-05,9.856304661326476e-10,0.001319606,2.0777958346929193e-12,G4,2,G4Neu
155,G4PosBW.bmp,0.18581001460552216,0.14910760521888733,0.000214822,0.9819628596305847,0.99959451,0.9999146461486816,0.9999988675117493,0.4461953043937683,8.882950351107866e-05,6.8231841211146074e-15,0.29490914940834045,8.531071052223557e-15,G4,3,G4Pos
157,G5NeuBW.bmp,0.07898315,0.7970685362815857,1.5340508377481576e-11,3.0476012824465215e-08,0.9994912147521973,0.009029163,5.7119427765428554e-06,0.006353629,3.8511228922288865e-05,2.44506165314462e-10,0.1397608369588852,3.658864959481153e-16,G5,2,G5Neu
159,G5PosBW.bmp,0.035331041,0.012761806137859821,1.6905228952812656e-11,0.43682825565338135,0.9999993443489075,0.9745259881019592,0.937630296,0.011513021,4.674969886764302e-07,3.243592894275338e-11,0.11067333817481995,3.1663254375195737e-13,G5,3,G5Pos
160,G6NegBW.bmp,0.000755774,0.1377582550048828,1.487264626121032e-06,0.000148949,0.9962286949157715,0.022392271,1.645237603042915e-06,0.1979644000530243,0.19817014038562775,2.1362158804549836e-05,0.026018245,4.711271928137251e-10,G6,1,G6Neg
161,G6NeuBW.bmp,0.074700139,0.14877043664455414,2.186305997353699e-11,5.433993237602408e-07,0.1584085077047348,0.026469428092241287,0.001542981,0.076590277,1.627340679988265e-07,2.3199877349083797e-12,1.5996272395568667e-07,4.206748560608986e-10,G6,2,G6Neu
162,G6PosBW.bmp,0.008657975,0.8067067861557007,6.369883465140447e-08,0.99535203,0.9999975562095642,0.015172146260738373,0.4319985806941986,0.23706895112991333,6.6951257871039616e-09,4.261408934058686e-12,5.106576645630412e-05,5.890558223489717e-13,G6,3,G6Pos
163,G7NeuBW.bmp,0.014906721,0.10786952078342438,1.774726797520998e-06,3.0509501812048256e-05,0.9339698553085327,0.000501586,6.718647114212217e-07,0.002268957,0.003267095,3.9136863194677574e-10,1.0159498742723372e-05,3.1454042925815884e-08,G7,2,G7Neu
164,G8NegBW.bmp,0.009283733,0.012508398853242397,6.86603962094523e-05,0.5207883715629578,0.9999976754188538,0.003757532,0.2828272581100464,0.6197904944419861,3.369311161804944e-05,3.6987642115793307e-11,1.6540509761853173e-07,8.564048775694388e-12,G8,1,G8Neg
165,G8NeuBW.bmp,0.410585493,0.9998725652694702,1.4410896920225014e-09,1.564150835520195e-07,0.21623380482196808,6.507249281639815e-07,2.7878698460881424e-08,0.000893997,2.881564114431967e-06,3.163461997246486e-06,1.5394383012790058e-07,2.4162380429793018e-11,G8,2,G8Neu
166,G8PosBW.bmp,0.1540188491344452,0.000650562,1.2637351574085187e-05,0.2968766689300537,1,0.9999996423721313,0.9998456835746765,0.9998236894607544,1.2740639476760407e-06,0.010953567922115326,6.288116128416732e-05,4.198093872531672e-09,G8,3,G8Pos
167,G9NegBW.bmp,0.010707599110901356,0.004083984,0.001252776,0.007579774,0.2801961600780487,0.023563467,6.87835621793198e-10,0.001977705,0.003365787,6.521105387946591e-05,0.5936110019683838,2.670482057709478e-09,G9,1,G9Neg
170,G10NegBW.bmp,0.044007532,1.0567885055934312e-06,0.015014818869531155,0.99998647,1,0.9764906764030457,0.070354484,0.9997713565826416,4.079757420782926e-09,2.1931576554834464e-09,0.001967059,2.0961788038675877e-07,G10,1,G10Neg
172,G10PosBW.bmp,0.8610277771949768,0.7274289727210999,4.15116228396073e-05,0.997011662,0.9995743632316589,0.005943237,0.4117632806301117,0.8495286107063293,4.594584879669128e-06,7.82948150757079e-10,0.000139828,7.804786039732146e-15,G10,3,G10Pos
177,G11PosBW.bmp,0.1647607535123825,0.000687545,1.9465037220944836e-11,0.663677454,0.773954451,0.9237826466560364,1,0.9010374546051025,7.555755132671038e-09,8.265807482921161e-11,3.0510665965266526e-05,1.439246884936781e-16,G11,3,G11Pos
178,G12NegBW.bmp,0.011435855,1.0834214236865591e-07,0.034085181,0.9951796531677246,0.9999232888221741,0.025774684,0.9998012781143188,0.9999999403953552,1.2322911970841233e-05,0.000111853,0.000226942,5.631495825220156e-10,G12,1,G12Neg
179,G12NeuBW.bmp,0.074233942,0.061843305826187134,2.670675894478336e-05,2.425985456966373e-08,0.9774956703186035,0.16753944754600525,0.015744429,0.006873409,1.1308879521720883e-07,7.123043821444242e-11,0.003947607,1.850460229491091e-08,G12,2,G12Neu
181,G12PosBW.bmp,0.012966199778020382,0.000292824,2.345119128221995e-06,0.9526375532150269,0.999997616,6.975467840675265e-06,0.11907768994569778,0.4514942765235901,0.005813438,4.631048795999959e-05,0.000323066,2.580314850675336e-09,G12,3,G12Pos
182,G13NegBW.bmp,0.11471270769834518,0.007435485,2.5224271666957065e-06,3.423112502787262e-05,0.9908882975578308,0.9855411648750305,0.001222428,0.15546472370624542,1.7487209333921783e-05,9.001907663730435e-09,0.12160568684339523,2.5847924916888587e-05,G13,1,G13Neg
183,G13NeuBW.bmp,0.1291043609380722,0.13629932701587677,3.649708378361538e-05,0.011870223097503185,0.8062781691551208,0.002229983,6.356133962981403e-05,0.033387002,0.001638757,1.642245166522116e-07,8.12649204817717e-07,8.207906830648426e-06,G13,2,G13Neu
184,G13PosBW.bmp,0.001054736,0.14345502853393555,4.6375682519438484e-17,0.35062330961227417,0.9999993443489075,0.000652952,0.033945382,0.9957576394081116,0.4834331274032593,8.005259388710328e-08,0.000148092,2.323995813499624e-12,G13,3,G13Pos
185,G14NegBW.bmp,0.009243775,2.11673577723559e-05,0.016859056428074837,0.5650783181190491,0.9999592900276184,0.9997592568397522,0.9472392797470093,0.047359813,0.000768273,7.944985225272205e-10,0.029846018,1.2672043969708113e-10,G14,1,G14Neg
186,G14NeuBW.bmp,0.06702812,0.3260188400745392,1.2771303979641768e-11,2.5583214852863366e-20,0.023475286,6.277817010413855e-05,3.486351138337618e-11,1.185187284136191e-05,6.836364718765253e-08,0.002402098,0.000740593,4.7074098574739764e-07,G14,2,G14Neu
187,G14PosBW.bmp,0.39675045013427734,0.9930015802383423,2.4004537024779893e-08,3.313396518933587e-05,0.999978244,0.073005714,0.999750018,0.065352403,2.568160925875418e-05,6.368836569237146e-09,0.000354474,7.045954209758962e-15,G14,3,G14Pos
188,G15NegBW.bmp,0.146261528,0.3300904929637909,9.708542165753897e-06,1.1764135499081618e-10,0.9762750864028931,0.006575743,5.2531054279825184e-06,0.0011116,0.000197407,6.993430834434378e-11,0.003826239,3.7701752830798796e-08,G15,1,G15Neg
189,G15NeuBW.bmp,0.23689675331115723,0.5772557258605957,3.8622850695446687e-08,3.789017544164608e-09,0.14937235414981842,0.15207824110984802,0.000469255,0.013154587708413601,1.3270373528939672e-05,7.205567840173899e-07,0.025953408,3.2780850034441755e-08,G15,2,G15Neu
190,G15PosBW.bmp,0.020165571942925453,0.7946532368659973,2.779043384304458e-10,0.095383279,0.9999979734420776,0.588293731,0.9982500076293945,0.9251891374588013,6.25813345589421e-10,2.2985542358355815e-09,5.068072368885623e-06,2.512543667045064e-14,G15,3,G15Pos
191,G16NegBW.bmp,0.000456042,0.001353173,0.005021429,0.9137985706329346,0.9999983906745911,0.2396666258573532,0.006812762,0.15103299915790558,1.0591095815470908e-05,1.255574915148827e-07,2.790062535495963e-05,6.084886826178415e-13,G16,1,G16Neg
194,G16PosBW.bmp,0.010062932036817074,0.000214764,3.3959302925268275e-08,0.9998990893363953,0.9999999403953552,0.9625207781791687,0.8871208429336548,0.6512935757637024,0.00152287,1.2198114046624298e-11,0.000322073,8.815370494276635e-18,G16,3,G16Pos
195,G17NegBW.bmp,0.042791963,4.9481168389320374e-05,0.10412284731864929,0.6128202676773071,0.9975360035896301,8.284742943942547e-05,0.0487746,0.45468804240226746,2.1697376723750494e-05,3.642287182969994e-08,0.000359685,9.95253116031769e-11,G17,1,G17Neg
196,G17NeuBW.bmp,0.36065250635147095,0.5217432379722595,2.1962141545373015e-06,1.8527206293583731e-06,0.051480636,0.024296571,1.641071065705546e-07,0.035374232,0.000241204,2.1672353796020616e-06,1.0423729008834925e-06,1.6184614537451125e-07,G17,2,G17Neu
197,G17PosBW.bmp,0.5382983684539795,0.8643394112586975,9.534008427181107e-08,0.952599287,0.9886393547058105,0.8571667075157166,0.992493212,0.091455728,3.150813063257374e-05,2.440917796775466e-07,1.6699768821126781e-06,1.8884768451243872e-06,G17,3,G17Pos
198,G18NegBW.bmp,3.771988122025505e-05,0.000494802,0.25079411268234253,0.9989088177680969,1,0.004532834,0.41600513458251953,0.095042065,3.4247900657646824e-06,3.073505752126948e-07,0.013814327,2.6960392252028953e-10,G18,1,G18Neg
200,G18PosBW.bmp,0.031206876039505005,0.001498637,3.904348133687563e-08,0.9544249176979065,0.9809443950653076,0.081380427,0.9808940887451172,0.37946248054504395,1.8705755792325363e-05,2.754192252041321e-08,3.928844307665713e-05,4.080784599125309e-09,G18,3,G18Pos
202,G19NegBW.bmp,6.19428901700303e-05,0.000264158,0.000144119,0.6857529878616333,1,0.8084273338317871,0.35211342573165894,0.999758244,6.2382414398598485e-06,1.1733960718629532e-06,8.332814104505815e-06,2.7153479117969503e-12,G19,1,G19Neg
203,G19NeuBW.bmp,0.065911405,0.12570542097091675,1.2864101060425237e-12,7.700299761127999e-16,0.000114653,0.006501433,0.000213525,0.006586099,7.333704843404121e-07,2.7367859090077218e-08,4.745715159515385e-06,3.937779616269843e-11,G19,2,G19Neu
204,G19PosBW.bmp,2.354042649699295e-08,0.000294126,0.000231849,0.9682120084762573,0.9999998807907104,0.86042136,0.8598976731300354,0.047703922,1.1176769476151094e-05,6.818406177444558e-07,0.000435861,2.7899749177606736e-09,G19,3,G19Pos
209,G20PosBW.bmp,0.019684762,0.064149812,1.2668456506048642e-08,0.004988261,0.9999656677246094,0.9882311224937439,0.9904714226722717,0.007655348,1.2355802709862473e-06,5.479408038411293e-10,6.221825060492847e-06,1.8466482920446222e-16,G20,3,G20Pos
211,G21PosBW.bmp,0.024336153641343117,0.002033593,2.6063457896898998e-14,0.042106938,0.9999918341636658,0.9443568587303162,0.9998936653137207,0.048607945,6.070168012684007e-08,1.514052250272454e-14,4.3306371821927314e-09,5.2320036324216e-12,G21,3,G21Pos
212,G22PosBW.bmp,5.925248842686415e-05,0.002928515,0.047343797981739044,1,1,0.9988223910331726,0.002852001,0.9994819760322571,0.004965375,2.6763752325464907e-10,4.932777301291935e-06,1.6320608059450237e-11,G22,3,G22Pos
216,G23NeuBW.bmp,0.18568406999111176,0.024103411,3.4644130209926516e-05,0.002674282,0.9997049570083618,0.9446224570274353,0.066236936,0.002370433,9.378237882629037e-05,8.31999091843727e-09,0.006346765,4.890958305026061e-09,G23,2,G23Neu
218,G23PosBW.bmp,0.00745669,0.061308711767196655,2.005117858061567e-05,0.9839885830879211,1,0.035266072,0.9937742948532104,0.9234713315963745,0.001326463,1.3983606095280265e-07,0.21754443645477295,6.32749820421441e-13,G23,3,G23Pos
219,G24NegBW.bmp,0.043697618,0.000783321,0.000199469,0.004727822,0.013429789803922176,0.47461023926734924,7.421397754114878e-07,0.002240637,8.345536480192095e-05,4.317867592362745e-07,1.5769087440276053e-06,3.908039616362657e-06,G24,1,G24Neg
220,G24NeuBW.bmp,0.1274535208940506,0.076728061,2.370604601509285e-09,1.4654775441158563e-05,0.10823602974414825,0.14816191792488098,0.000289264,0.000457426,0.000206029,2.3938332205375445e-08,2.1175350184421404e-07,2.8046018632488234e-11,G24,2,G24Neu
221,G24PosBW.bmp,4.786679346580058e-05,0.000142354,2.6559042453300208e-05,0.9652142524719238,1,0.9930446147918701,0.9369277954101562,0.9818865060806274,6.130535621196032e-05,5.403269498494012e-11,0.000663918,5.6080638586751205e-14,G24,3,G24Pos
222,G25NegBW.bmp,0.057881013,0.052084867,0.8069958090782166,0.6036438941955566,0.9266234040260315,0.014690984040498734,0.036847699,0.008812563,0.014948095194995403,3.831560206890572e-07,0.21641136705875397,4.4144066180251684e-10,G25,1,G25Neg
223,G25NeuBW.bmp,0.032014187425374985,0.027698284,1.603791162096968e-07,6.7354721799972594e-09,0.001177799,0.016026515513658524,1.970308183274483e-08,0.008785285,5.027156021242263e-06,3.792635254740162e-07,0.000635729,1.566743357273026e-08,G25,2,G25Neu
224,G25PosBW.bmp,0.33146336674690247,0.047633323818445206,0.011435409,0.24497772753238678,0.9977104663848877,0.099946477,0.38018250465393066,0.9158468842506409,3.871072749461746e-06,7.489980191621726e-09,0.009627481,1.408026906873916e-12,G25,3,G25Pos
226,G26NegBW.bmp,0.023047858849167824,0.3722078800201416,0.000876438,8.280690235551447e-05,0.9998579025268555,0.000502659,0.9471549391746521,0.053319629,0.001098771,6.778248007321963e-07,0.000157525,4.3982216956992004e-13,G26,1,G26Neg
228,G26NeuBW.bmp,0.1585414707660675,0.016069529578089714,3.4124498365928346e-11,1.9702805786891986e-07,0.3093397319316864,0.020780768245458603,8.222156611736864e-05,0.000100192,1.1454753803263884e-05,6.312108524753057e-08,6.418811153707793e-06,2.8437162021867357e-13,G26,2,G26Neu
229,G26PosBW.bmp,0.058855291455984116,0.003001866,3.333976206221223e-09,0.9990086555480957,0.9999844431877136,0.9468839764595032,0.16957147419452667,0.49389854073524475,6.627485049648385e-07,8.134785840817685e-15,2.3637741833226755e-05,7.433599569228733e-11,G26,3,G26Pos
230,G27NegBW.bmp,6.869818753330037e-05,0.1906406432390213,0.999983549,1,1,0.8379342555999756,0.40234294533729553,0.9994186162948608,6.997368473093957e-06,1.7831567902248935e-06,4.93541156174615e-05,1.5360865357472164e-10,G27,1,G27Neg
231,G27NewBW.bmp,0.048777226358652115,0.00347644,0.000479669,0.001392245,0.9985913634300232,0.079279907,1.3372181228987756e-07,0.076799996,0.002894035,1.0263915412034308e-10,1.447114937036531e-05,1.7879942859622133e-08,,,nan
232,G27PosBW.bmp,0.006042162,0.042158663272857666,2.3455763553670295e-08,0.4182620644569397,0.9996896386146545,0.3035045862197876,0.6730809807777405,0.710055947,3.865594408125617e-06,2.9874082374536925e-11,6.841491267550737e-05,5.8569624844517776e-12,G27,3,G27Pos
233,G28NegBW.bmp,0.029365815222263336,0.003640998,0.000390601,2.0076111468370073e-05,0.998919666,0.030546853318810463,2.1352730982471257e-05,0.011891904287040234,0.00010576,5.833116574649466e-06,0.00860396,2.981467017715289e-10,G28,1,G28Neg
236,G29NegBW.bmp,0.004732453,8.836658707878087e-06,8.655204510432668e-06,0.9979798793792725,0.9952751398086548,0.6701533794403076,0.9782463908195496,0.017125908,8.151112638188351e-07,6.979189448585998e-10,1.1248108222616793e-07,1.519149186329262e-14,G29,1,G29Neg
237,G29NeuBW.bmp,0.12037131190299988,0.006529388,1.210145139651786e-08,1.55595696327282e-08,0.9705972075462341,1.9008743379345105e-07,9.648983541410416e-05,7.209961040643975e-05,0.000137603,2.268066623400955e-07,1.0276991133650881e-06,5.791172118593471e-18,G29,2,G29Neu
238,G29PosBW.bmp,0.10699469596147537,0.000263127,3.415034921516735e-11,0.931917667,0.9999988079071045,0.096587062,0.9997311234474182,0.9760330319404602,3.991002358816331e-06,1.761462720475948e-12,0.000803507,2.1060181763771064e-18,G29,3,G29Pos
239,G30NegBW.bmp,0.041392643,0.029567433521151543,0.065956034,0.455814928,0.9999996423721313,0.9797248244285583,0.003461109,0.9952274560928345,2.4966708700446816e-09,2.3015198635789602e-09,9.998903988162056e-05,8.637425250234635e-16,G30,1,G30Neg
240,G31NeuBW.bmp,0.15027523040771484,0.057370152324438095,3.140276938224523e-13,1.0161751440307398e-09,0.004380644,0.1322559416294098,1.9973464077338576e-05,0.019713498651981354,2.452863327562227e-06,3.9690523090385454e-10,2.170531274714449e-07,2.0090643016411336e-13,G31,2,G31Neu
241,G31PosBW.bmp,0.40358954668045044,0.21675032377243042,8.280232917509331e-14,2.0889462604145592e-08,0.020332785323262215,7.121214002836496e-05,0.045272357761859894,0.26885324716567993,7.414524588966742e-06,5.776581435412709e-09,0.000660988,1.8788244479086766e-14,G31,3,G31Pos
242,G32NegBW.bmp,0.001578995,1.9705599697772413e-05,0.38925203680992126,0.7197627425193787,0.9999997615814209,0.007983013,0.26374414563179016,0.084220864,0.002267857,1.4164603499011719e-06,0.001891624,9.710494805166905e-14,G32,1,G32Neg
243,G32PosBW.bmp,5.315591988619417e-05,0.1388654112815857,0.002371285,0.9989752769470215,0.9999967813491821,0.0190024,0.3452945351600647,0.035181254148483276,2.448097973228869e-07,3.364538869732314e-08,3.1328807381214574e-05,6.247203275522306e-12,G32,3,G32Pos
244,G32PosBW.bmp,5.315591988619417e-05,0.1388654112815857,0.002371285,0.9989752769470215,0.9999967813491821,0.0190024,0.3452945351600647,0.035181254148483276,2.448097973228869e-07,3.364538869732314e-08,3.1328807381214574e-05,6.247203275522306e-12,G32,3,G32Pos
245,G33NegBW.bmp,5.559658688980562e-07,0.000718145,0.9350969791412354,0.9980172514915466,0.9999926090240479,1.7705338905216195e-05,0.084146567,0.005068539,9.47588603139593e-08,9.128419797832521e-09,0.000220043,1.6098308667014671e-12,G33,1,G33Neg
247,G33PosBW.bmp,0.1761605143547058,0.2753157913684845,1.2027808748982238e-09,0.9351118803024292,0.9915483593940735,0.5700044631958008,0.8472617864608765,0.6428948044776917,5.249860350886593e-06,9.484239882340262e-08,0.4818931818008423,3.9820164526860324e-11,G33,3,G33Pos
251,G33NegBW.bmp,5.559658688980562e-07,0.000718145,0.9350969791412354,0.9980172514915466,0.9999926090240479,1.7705338905216195e-05,0.084146567,0.005068539,9.47588603139593e-08,9.128419797832521e-09,0.000220043,1.6098308667014671e-12,G33,1,G33Neg
255,G34NegBW.bmp,0.000999429,3.410886347410269e-05,0.9173535108566284,0.30335408449172974,0.9999998807907104,0.000386353,0.2228761911392212,0.001239614,0.010472752153873444,5.132420710651786e-09,5.749274123445502e-07,5.484826460198933e-13,G34,1,G34Neg
256,G34NeuBW.bmp,0.6273412704467773,0.057131372,2.460852783769951e-07,6.584303768875088e-09,0.000752712,2.6118135792785324e-05,2.076810251550043e-11,0.000162451,0.3800468146800995,3.7555414564849343e-06,2.0629854589060415e-06,1.2376417673641473e-14,G34,2,G34Neu
257,G34PosBW.bmp,0.019761042669415474,0.000182742,2.744162088674784e-07,0.9496539831161499,0.9999985694885254,0.8494646549224854,0.14627023041248322,0.854605496,1.5247587725752965e-05,2.1816464368384914e-07,0.000626217,1.080281974985553e-09,G34,3,G34Pos
258,G35NegBW.bmp,2.220921710427426e-11,5.0485588872106746e-05,0.8900310397148132,0.999911368,1,5.470251198858023e-05,0.031661216,0.9999647736549377,0.012550114,2.0647489273883934e-10,1.4846195384166094e-08,9.931761142667472e-12,G35,1,G35Neg
259,G35PosBW.bmp,0.029634997248649597,0.258039266,1.1559002814465202e-05,0.008512406,0.44568097591400146,0.10786043852567673,0.9983052611351013,0.9702070951461792,1.1816448619583753e-07,6.663286034047644e-10,4.348783113528043e-05,5.784015972319121e-19,G35,3,G35Pos
