imageID,Image,Pitch,Yaw,Roll,Eye Aspect Ratio,Mouth Aspect Ratio,Occ_au_1,Occ_au_2,Occ_au_3,Occ_au_4,Occ_au_6,Occ_au_9,Occ_au_12,Occ_au_20,Occ_au_28,imageDBName,imageCat,lookup_key
1,B1NegBW.bmp,-1.0221833844327481,6.189265815433341,0.1422648311909867,0.8685743662375522,0.5066586847333784,0.5826470993425364,0.2475362051368857,0.19960893784239933,0.1449513012652936,0.7491074365048218,0.0035460564868807264,0.2621448804145117,0.13986630842542636,0.054498671004759115,B1,1,B1Neg
2,B1PosBw.bmp,-0.28992413448664184,0.2897895307856187,-0.012340358160994618,0.8623332966810936,0.5146421996721028,0.6309131569628647,0.2753159041515563,0.029434281119821434,0.03341012515382848,0.9210846499761274,0.0009160654089649545,0.9689328701431661,0.033122842630644654,0.2579211222964404,B1,3,B1Pos
3,B2NegBw.bmp,-13.2305435950408,2.8443172836767663,-0.03862702963197216,0.7467179362872431,0.5179518305434759,0.5012190594808278,0.4442314529031914,0.9481153548242617,0.9597411963969156,0.9991086375739515,0.9950015582421589,0.9207180103235924,0.8449513573331472,0.0021535193878615025,B2,1,B2Neg
4,B2NeuBW.bmp,0.7778415100013641,3.026587290697071,-0.0195142401366126,0.8734245765234016,0.5025880100509931,0.39827502307121565,0.7393820231485106,0.014436976008632908,0.011241712255324136,0.006104194179910495,2.4882023072293736e-05,0.0029921658772767714,0.002519177949638039,0.055800252611248845,B2,2,B2Neu
6,B2PosBW.bmp,-3.847174488197798,-0.7091942526932147,-0.027636641060206527,0.8218990835479152,0.553372077308623,0.4686567555179515,0.6416525290879478,0.06288859415428402,0.04230099004313363,0.9463813012172335,0.005140659543638141,0.9831359362883347,0.7509636026523194,0.006737971934258344,B2,3,B2Pos
7,B3NegBw.bmp,-4.549738290775266,14.035076512134367,0.3188712364849398,0.8744851707047665,0.5057780640190688,0.9456794758804933,0.9434123989191637,0.10381112565607777,0.010352152791114752,0.03379551009524506,7.266881324117892e-05,0.06328124867992156,0.06428221085586115,0.011962686350701152,B3,1,B3Neg
9,B3PosBW.bmp,-15.428477070355418,3.5809422962318704,-0.11317097369539272,0.7656320997954689,0.525171696833305,0.15472545694772957,0.15874611845818265,0.037634504902306916,0.08573878291508302,0.5375460374574507,0.0019219242741748761,0.9640996034005423,0.1542457224193166,0.007109047172102753,B3,3,B3Pos
10,B4NegBw.bmp,-3.0839270951010542,8.598027455329243,0.1549876443178891,0.7185858876049167,0.6079871022634012,0.46949818177035213,0.2833817796324745,0.6749597668283864,0.6158300715689669,0.5592948427854291,0.004857578159728211,0.10207368133148798,0.8535930158078839,0.03601374308342445,B4,1,B4Neg
13,B4PosBW.bmp,-2.456616823537917,-3.919753878758704,0.04415170532483342,0.8257125902533305,0.5108224801486972,0.9199512705180336,0.833471494745209,0.01551565743388168,0.028905395734690337,0.9924610917093605,9.297174277376098e-05,0.9981865755894191,0.7560944178245662,0.06149222705739241,B4,3,B4Pos
14,B5NegBW.bmp,2.567189085273389,12.130360077112412,0.296829723220207,0.822254465060512,0.5240026814353889,0.6326210859158946,0.029904974463853647,0.9462684599906256,0.9106183127146967,0.9647219539884858,0.7470634564171161,0.2314475515348582,0.9817327697731114,0.01484292704984277,B5,1,B5Neg
16,B5NeuBW.bmp,-0.7823470882152722,11.058617286880665,0.09917159487808795,0.8473147434887919,0.503413902015257,0.2964768735296983,0.2516904094716168,0.1431120576628087,0.01698256901567805,0.10390340261163933,0.0003209206012470812,0.020846192998087057,0.1084105453051036,0.035930928839581044,B5,2,B5Neu
17,B5PosBW.bmp,0.770595603825053,13.51218396948564,0.5401340316646992,0.8397795752574392,0.5157582413058056,0.18093613048503102,0.12847592902359306,0.6503899639161038,0.15819894175535656,0.9262694213793646,0.008919197475738605,0.25432064837390217,0.7343110273573294,0.0024998788299663774,B5,3,B5Pos
19,B6NegBW.bmp,13.138629367988884,-0.2940078174133464,-0.08220561847313945,0.8009390626201167,0.5616898550805405,0.7384645873659237,0.07977545787452407,0.9842340271054759,0.9393510021481799,0.9052101019042302,0.6874553919513524,0.05045545225182957,0.9531738595064827,0.12044446135433365,B6,1,B6Neg
21,B6PosBW.bmp,5.076693898277128,8.986439266547078,0.4215065380644211,0.8397987562282836,0.6364784622145588,0.5353698118455169,0.42940567753094383,0.383405096820102,0.7825467505745813,0.8949512003779411,0.13691104018070918,0.8725293228130581,0.987112835639238,0.00033328139604945007,B6,3,B6Pos
22,B7NegBW.bmp,4.765528134046009,-4.650108088539786,0.021735702099292934,0.8497959278747684,0.5248278507258755,0.8585337598816175,0.4499079110115878,0.638313949288513,0.19952270703007535,0.09829645855258036,0.0012528460146650452,0.07071712675530498,0.11035024835497402,0.04975564484735207,B7,1,B7Neg
23,B7NeuBW.bmp,2.899918643293977,3.403346089662955,0.028158133100806313,0.8905597776172536,0.5132710812476632,0.7983992716500419,0.8056560200274046,0.050942200395908625,0.0490783199160548,0.00240667565979883,1.3872167057500253e-05,0.024590781532018477,0.05505999821348496,0.0027306101667493162,B7,2,B7Neu
24,B7PosBW.bmp,0.4888418054233254,1.3725888569342792,-0.014044636167015703,0.8019924885521217,0.532242510358493,0.8004532639882136,0.5097760803195678,0.821987226294671,0.7755780775708175,0.979649005193239,0.09611792278220348,0.6722854212817654,0.3884516761985934,0.06846136044397333,B7,3,B7Pos
27,B8NeuBW.bmp,-6.5830472080910125,4.6169060132592445,0.00946344831566371,0.8825129134220063,0.5181226253997663,0.6406989711458292,0.7452121915723642,0.017881387563155698,0.001085402588678586,0.00521734238899694,7.435177716266013e-05,0.002154332297965943,0.03353426331957188,0.0019681973855588232,B8,2,B8Neu
28,B9NegBW.bmp,-1.0,-1.0,-1.0,-1.0,-1.0,-1.0,-1.0,-1.0,-1.0,-1.0,-1.0,-1.0,-1.0,-1.0,B9,1,B9Neg
29,B9NeuBW.bmp,0.1685740259272666,9.77985193150041,0.3646311025851262,0.8966391465055435,0.5174364385917628,0.7833611025465315,0.650550023462369,0.11896743265905921,0.013266555530140783,0.023556056976526456,7.978446447613138e-05,0.03527920271155132,0.022218965947292293,0.04377617671810436,B9,2,B9Neu
30,B9PosBW.bmp,12.146633686832963,-1.303842778611466,-0.1021577582535334,0.8452327330856164,0.5907041142803878,0.914826618507179,0.6679563550654715,0.8077187241469191,0.38185151867303985,0.9086016934295041,0.014835190528550781,0.08411050215731145,0.9172803159132604,0.023534712346997944,B9,3,B9Pos
32,B10NegBW.bmp,-3.4269136957589557,11.684678085293775,0.23743101932636546,0.7897363567147435,0.508179142091523,0.8767030835442869,0.40034203873086227,0.9554677604683522,0.9966469848831992,0.9911204171844011,0.9248728685524605,0.16617251216418114,0.807797836197061,0.008280216659409636,B10,1,B10Neg
33,B10NeuBW.bmp,5.232114565811265,3.2675308088843007,-0.00622353554440699,0.8935872753108415,0.4966783846600951,0.35573515338324996,0.4439410063686628,0.043728585233477925,0.011772212344287328,0.011538756826954861,2.3608760789773463e-05,0.003290330289341727,0.006143086735705938,0.057333784582164794,B10,2,B10Neu
34,B10PosBW.bmp,1.8819559226253635,7.2359074561272525,0.18094203732299216,0.8145526469539414,0.5139510305403888,0.7740780607346541,0.051755633080905784,0.39142199424744584,0.43708940413853337,0.9950268003952801,0.6024657633158037,0.9804481175401528,0.815731238032668,0.007842337389469566,B10,3,B10Pos
36,B11NegBW.bmp,12.87270432513622,4.916606753121526,0.1206600425685571,0.7928317337957959,0.5783526041476059,0.8621792873268054,0.38009574245670685,0.9958737812245011,0.9738198806518642,0.989756513192114,0.9651720012960565,0.20883276340779758,0.7412479165830641,0.046137456023655196,B11,1,B11Neg
38,B11PosBW.bmp,0.7866542563843391,0.9444353915744826,-0.02184625088589448,0.8518534929566166,0.5041839757380561,0.5555545540283937,0.7696451277882013,0.14132368575692134,0.012877454113472832,0.947542375919843,3.229393470404718e-05,0.9703168056201668,0.22899298927984313,0.061328757974001995,B11,3,B11Pos
39,B12NegBW.bmp,9.721337948770419,-3.7440123437296133,0.04483116557130971,0.7620260771522851,0.5908102237373375,0.7240045227446216,0.13677832249571967,0.9954614362856226,0.9658525378154141,0.9928422430409595,0.9515266528180217,0.03929926991895907,0.8678807543798479,0.04632712041178327,B12,1,B12Neg
41,B12PosBW.bmp,16.705665363370365,-2.455815828652165,-0.07185092806340475,0.8383102303632324,0.5411322121556636,0.8284175471821852,0.8683856405621833,0.8396943780777127,0.1815515868422915,0.9640064031747979,0.023419553737868363,0.43006263493730434,0.23487861513110442,0.14304988235964042,B12,3,B12Pos
42,B13NegBW.bmp,-7.785911097396723,-4.378162448353268,0.0706450018627203,0.7096206678359545,0.5332380364611138,0.3663963267184823,0.14004016937280475,0.6473876881511023,0.5344143341148797,0.9544183095669161,0.4633822063811966,0.9532314798289344,0.572366059365847,0.0022565335496715568,B13,1,B13Neg
45,B13PosBW.bmp,5.601301956529177,3.8482399138938392,0.029009173138881572,0.7646304554805622,0.5578600245678835,0.5632714429205223,0.174192754491714,0.4351922337164153,0.17008118209920603,0.9843985098870304,0.36494966672796664,0.953785466834661,0.2703611199001865,0.036085760645266696,B13,3,B13Pos
46,B14NegBW.bmp,-14.428148382324991,-3.626719373401947,0.06564029452192739,0.7298770680092267,0.49998073088208295,0.2743327629921533,0.34557935975665516,0.9225427975163472,0.9335635218123047,0.9805567077873807,0.6780316474490274,0.8909243363925659,0.814530304778933,0.0002162158314320503,B14,1,B14Neg
47,B14NeuBW.bmp,-5.603205243760188,9.289914585931742,0.22854621813716397,0.8943604438268737,0.5371004346556341,0.807423263799674,0.4708664745570332,0.06423809598702603,0.013160619793283014,0.00782827010710269,5.5893485751257877e-05,0.03299225329996748,0.1903245472345528,0.005030928029910921,B14,2,B14Neu
48,B14PosBW.bmp,-10.493791875347727,12.92568022235178,0.14698037046427254,0.8253559236004429,0.5182184590983266,0.9827429461062334,0.9603908995531324,0.41897030293439264,0.025198283633359398,0.2313053254951198,7.173715775199988e-05,0.7157030611879572,0.11694952365902446,0.012786551912406569,B14,3,B14Pos
49,B15NegBW.bmp,-4.524220753151825,6.92333261909296,0.08983075079077285,0.8420936254681446,0.5310374226275241,0.33392052988141596,0.11732166644341914,0.6327427348289846,0.5503910489321463,0.9290447462103792,0.03667693802045753,0.5966771506469608,0.7691915429130235,0.005570284397623243,B15,1,B15Neg
52,B15PosBW.bmp,3.414888040642613,-1.284375099786577,-0.02991184241959755,0.8703528838327008,0.5786049161792541,0.8958110007520161,0.7763772352022261,0.1254717025397453,0.02576363467989205,0.11360015365775977,0.00030278783552918024,0.19789332282169958,0.6350696927099516,0.33168310025983816,B15,3,B15Pos
53,B16NeuBW.bmp,70.82247555053274,-49.746025324623965,0.4727527633521671,0.8931154201237193,0.4939528580695885,0.9122581846862008,0.4729532460581919,0.03570282265938475,0.000694150360144659,0.3593290794177661,0.00034094276591944153,0.22766904499702798,0.014087873446005629,0.04427857176443197,B16,2,B16Neu
55,B16PosBW.bmp,-8.240093933874764,5.109989896431108,0.155605995666082,0.8299977613082903,0.5461838875749564,0.8419807267663066,0.7799747995045,0.3676281201318916,0.04645904730165601,0.8821658148418254,0.0007306839872507231,0.9794578097877523,0.5313377059435167,0.02910921171814303,B16,3,B16Pos
57,B17NegBW.bmp,5.736297345825838,-15.742115829637466,0.5807451866113011,0.8304822350152534,0.5476133241252225,0.5745173285092672,0.053485061012599054,0.991914526217788,0.9966620952867489,0.9937582477880672,0.999634078231907,0.6819357334716705,0.430065634184887,0.002738456783167497,B17,1,B17Neg
58,B18NegBW.bmp,19.603774464612385,4.810780576168179,-0.23523008629634107,0.8334366667821813,0.5385898496421088,0.137772187087039,0.00893497257013584,0.9591473980458438,0.7662697782933697,0.7856881816958727,0.8975853478222152,0.0074690856206670745,0.2208757797457508,0.08515084475639072,B18,1,B18Neg
60,B18NeuBW.bmp,-1.280953098828167,8.521367168525302,-0.02292243438144887,0.8876938341123709,0.5012434320716636,0.24286495608857536,0.23718821646121613,0.010121690900035143,0.0060088590075408335,0.022861615422819333,1.3559312048381387e-05,0.06581559125323294,0.005176112943593279,0.09530668552766702,B18,2,B18Neu
61,B18PosBW.bmp,8.826262994039503,-0.6908781511661813,-0.03957293071138704,0.8275518483471751,0.5982301650905326,0.24799058045054087,0.1482838257482414,0.15356066596217907,0.152086497091933,0.9785587586177853,0.018868350480639666,0.8725675937888816,0.8684699505004907,0.002621261960989748,B18,3,B18Pos
63,B19NegBW.bmp,10.548344609569622,6.68288698140125,0.2592820012055427,0.8072172891676372,0.5855206109460028,0.7102421170565411,0.39036537767250773,0.9306415289587185,0.5092066348828227,0.610475727663497,0.005642141374216288,0.07788107791697683,0.6122008665737333,0.052572368955801675,B19,1,B19Neg
65,B19PosBW.bmp,1.3634307220481887,4.249584553488796,0.03448584426915672,0.8602486884444507,0.5265181126652666,0.03544477560214351,0.031974237344510666,0.0958029705087873,0.03649047303372067,0.9619913489778547,0.006047046034489029,0.9171947720260228,0.4615564038363654,0.007623826700877581,B19,3,B19Pos
67,B20NegBW.bmp,0.6663459542330394,6.943864168559878,-0.05644528416270401,0.8565470544751963,0.5063122403358263,0.8393528953844652,0.4089368109426534,0.7226535693874636,0.1330061816537151,0.05867693065710806,0.00035756381989831095,0.007564056968976304,0.21439691985932682,0.000776364187004353,B20,1,B20Neg
70,B20PosBW.bmp,6.667943263510514,2.9858652601817828,0.004475207495003996,0.8406018898305272,0.5533580713827464,0.4242138252023043,0.4749384534894636,0.0633334357481819,0.028100626996670718,0.5411725276409666,0.006677702971735634,0.16092229591741292,0.3129220466937257,0.02426562190260956,B20,3,B20Pos
71,B21NegBW.bmp,16.883889803877064,2.2426719863456883,-0.019852600159840802,0.7924426918847414,0.5654249105524175,0.8195569274880136,0.7062460054632728,0.2746867985650461,0.07357468268010728,0.04139884238653776,0.007721007826782,0.009677608775928423,0.4574438966276969,0.009161407951781,B21,1,B21Neg
72,B21NeuBW.bmp,8.918968182675496,-2.6341189949364034,-0.05395958596547179,0.9193825379239834,0.5065534783222638,0.25280920313486455,0.34867269997265665,0.02710961537726713,0.0066470793123660325,0.01500508485827077,8.823673548721719e-05,0.0051393556629074875,0.014072226539250832,0.14266157325208112,B21,2,B21Neu
73,B21PosBW.bmp,14.6983915123112,-1.9659965692503643,-0.06258803512031612,0.857397544146326,0.5323839309391213,0.3419617109253434,0.05113386428744195,0.5605622077342493,0.101780017301637,0.7583344493654218,0.006732834352145173,0.19852203148162229,0.6613003534497152,0.057228996380184236,B21,3,B21Pos
76,B22PosBW.bmp,-4.429026001606457,9.294064746463613,0.07780785452529225,0.8190403713493761,0.5248270415200978,0.6505975460542398,0.20648452487295255,0.8224643417349231,0.8410555902492969,0.9036378025897327,0.0017614215757282218,0.9637856584568285,0.6955370731117629,0.005062377737974585,B22,3,B22Pos
77,B23Neu1BW.bmp,-10.723828654016302,7.848328409969957,-0.1144286289820865,0.8313825118523805,0.5041584316083132,0.1370496594861708,0.14983941915472615,0.007213508882744386,0.008030830058931921,0.009599942775269339,3.0918057370215306e-05,0.0019385185360148484,0.008745994950833873,0.01155189040637635,,2,nan
78,B23Neu2BW.bmp,-2.1720925849582056,6.939043359985639,0.08386101145032498,0.8553707946670436,0.5225030253046348,0.6135532680198061,0.5726866334155057,0.057268133469595764,0.051299693190869314,0.010513927780512787,0.00011428862794059349,0.01633405467260903,0.06476230668135573,0.006750465522272695,,2,nan
79,B23PosBW.bmp,-0.4313572781858239,5.618448953494905,-0.002194978819997456,0.8623965254361413,0.5040252216705768,0.7837044784168968,0.45907461685442474,0.02348759425628637,0.006200564930915962,0.8252113247151017,0.00047275673172306366,0.9680009203691875,0.7195667588425971,0.10697458533782395,B23,3,B23Pos
81,B24NeuBW.bmp,3.165029536615358,7.692829494970882,0.0651976886969709,0.8907829675281669,0.5003987456630884,0.8456993608252475,0.9285529765942814,0.1874485311491858,0.024916639942509065,0.06848438804102351,4.624852152619349e-05,0.009050433928601134,0.05810287236595791,0.005023212419027639,B24,2,B24Neu
83,B24PosBW.bmp,15.02267818742334,-0.9028338090069671,-0.03442278125330352,0.8108387754543924,0.585946378544366,0.9601938300199345,0.8291123942102271,0.8616622308738608,0.5981375692889694,0.8543530704925232,0.04304210638161318,0.3962598082366364,0.821309027090136,0.0031072721051978386,B24,3,B24Pos
84,B25NegBW.bmp,24.049545467558367,-2.4587422169170092,-0.09390695418149332,0.8117882699285612,0.6020712900127206,0.8812103627467236,0.7652882938213753,0.9355120283008035,0.9713924566862159,0.8489198122422476,0.10960842237688659,0.04634066776272341,0.7081416031072401,0.003696257813979728,B25,1,B25Neg
86,B25NeuBW.bmp,0.2820466142789327,-3.654142343128299,0.030855488246035116,0.8607446450862194,0.49579876805833584,0.4640846571199723,0.7122038239605089,0.08870228292813284,0.013170396851962614,0.004214966255255679,0.0004169841741143249,0.010337286121939198,0.005785985107664044,0.238363974150843,B25,2,B25Neu
87,B26NegBW.bmp,-8.220283898277561,0.9217895990498857,-0.026685375141493693,0.830813464664214,0.49920679773526794,0.7857913860050159,0.7885878949637324,0.7077102742882007,0.20518570421043072,0.1932867846436748,0.00586344252975328,0.106095499723725,0.6897477464322916,0.22356657129362362,B26,1,B26Neg
90,B26PosBW.bmp,-1.4063209153395893,6.289391104721194,0.15486447078677357,0.882452135549231,0.5818925903510944,0.708531215086945,0.41644877988621914,0.10798272638408174,0.04719271752406628,0.3463109481657136,0.007004863539337226,0.7476179968921327,0.5933255742449662,0.014614357140889614,B26,3,B26Pos
91,B27NegBW.bmp,2.068146642238203,7.765824515534562,0.12319748169040054,0.8140201216960614,0.5266114581149618,0.6706079509282529,0.12075782854626285,0.953383126807442,0.8333108590021823,0.9508232038321858,0.1743569908700277,0.1346406938592511,0.9430164851369515,0.013124439893236783,B27,1,B27Neg
94,B27PosBW.bmp,-1.1364009396922061,-0.7633883989715424,-0.0058236125087663335,0.8536785182031876,0.502889903285628,0.6133940438962366,0.3976154749270143,0.06030419326762779,0.005414869376796699,0.30925757705988033,0.0006828000088609476,0.7334913670660062,0.27166648310828423,0.1504477602354841,B27,3,B27Pos
95,B28NegBW.bmp,-6.011296391793876,-18.06157022096282,0.36211450701368764,0.7423550667954835,0.5586490637919861,0.27608789852181476,0.1284605112567066,0.990732831958021,0.991030816432224,0.9532958202145233,0.9775968554516091,0.051967898939208695,0.9219988559624396,0.002897582579067033,B28,1,B28Neg
96,B28NeuBW.bmp,2.904158082277171,-0.9765850371348335,-0.05144193600002432,0.8854935284235568,0.5028765027341041,0.6504648064361187,0.5887633067359592,0.03501440440382314,0.0006637414380317666,0.018588456541136715,2.9954060550203796e-05,0.009953761907509856,0.047908039396859774,0.062277921375189955,B28,2,B28Neu
97,B28PosBW.bmp,7.355232206191431,-1.5484683435858297,-0.14905145007248036,0.857310122385471,0.6420261207959554,0.27961178513473817,0.12968574049985945,0.03918233602045715,0.018662937609463106,0.21210249831471178,0.00036177795350920093,0.586758171179095,0.11042357801507166,0.017329584833760226,B28,3,B28Pos
98,B29NegBW.bmp,-11.14615169074385,10.917997494389896,0.34384146119916653,0.7851005777073325,0.5155822673295107,0.40944295683508763,0.12754079756757497,0.7691692577507577,0.8616617319992527,0.4594913250541446,0.0026813481745830373,0.1142302013192009,0.542986795425554,0.008241097166445738,B29,1,B29Neg
100,B29PosBW.bmp,-8.039175875223082,13.278071034252834,0.3320181915818214,0.8367343550185077,0.520993607113551,0.6488473483031401,0.5984236933114755,0.17654846060581358,0.21425391412216616,0.9800207463327674,0.0010235264447101171,0.9780829169637604,0.505647797385301,0.007685457767169544,B29,3,B29Pos
101,B30NegBW.bmp,17.210664326907853,-1.529695095161056,-0.060559767413783855,0.8511530806187222,0.506986746162945,0.6530127133774936,0.4215251804700164,0.7709437731981704,0.054690425359357454,0.9300859664128777,0.017890107720761522,0.02881036790924964,0.1422810021813893,0.004923025190755473,B30,1,B30Neg
102,B30PosBW.bmp,2.792679609314589,-0.8874122662123065,-0.030442460388101528,0.8451876408022453,0.5215686932144616,0.20478410921001655,0.1724358019839849,0.7867366648258888,0.8068917383595385,0.7463097183640431,0.0115593181624161,0.22940268692524116,0.7245443242445971,0.003769481145301698,B30,3,B30Pos
104,B31NegBW.bmp,7.4858556744580245,2.9508655108925836,-0.018604713150562883,0.7515337420576316,0.5375109065758954,0.7217491908658087,0.3657711777214695,0.9687088765293048,0.9924291021368534,0.9937525139488501,0.8643384006197059,0.7708072749741514,0.9722076865864792,0.009483975433135977,B31,1,B31Neg
107,B32NegBW.bmp,-6.365450572479735,13.57172092658445,0.2716887570899509,0.8086904862661245,0.515612066084681,0.24270308357089712,0.49412898308184267,0.052401394381201415,0.15614479138928844,0.6334538861796359,0.05586566778209231,0.13332030264148279,0.18049478362779076,0.07511004714031808,B32,1,B32Neg
108,B32NeuBW.bmp,0.052120609219127124,3.5053485434173624,-0.06438482268181547,0.9118388992508382,0.5104370618790667,0.8360896478181177,0.8573093258501127,0.2809287860484973,0.002068013001717097,0.004378045805395285,1.2123522010560597e-05,0.004853672758820479,0.002827050206074815,0.005875361685866218,B32,2,B32Neu
110,B33NeuBW.bmp,-1.2456752133826743,10.257293853300038,0.07282775480199713,0.8905885888204361,0.5127129364146794,0.2495298778016028,0.2996910962207381,0.2566740986955533,0.0579191446240988,0.04182306148572985,0.0007429581379351706,0.00892203185049042,0.17779102930563356,0.0013026026853336042,B33,2,B33Neu
111,B33PosBW.bmp,-6.728371856765405,9.442129099707554,0.21173900943991392,0.8247299111754239,0.5239560827763307,0.5862831097724036,0.6994339901623233,0.3902054765268209,0.05834307576082294,0.925685099605494,0.0618530911290452,0.8405435457704886,0.4314206155206136,0.005396020385063391,B33,3,B33Pos
143,G1Neu1BW.bmp,9.657945078401562,3.937777854686375,0.019930961304748227,0.9007904503910612,0.5614848755156474,0.8618083242485317,0.9530306559150363,0.7996505143969725,0.017743334054345142,0.036808069707302576,5.4105401165211555e-05,0.0717347314544052,0.10986062908427419,0.009478981554086883,,2,nan
145,G1Neu2BW.bmp,-2.268819280004506,8.198144657925916,0.016100423489456606,0.8824453141059828,0.5092611476672856,0.4834793429105641,0.6014339946910225,0.06144870089390624,0.0036884182025346242,0.009087001369705878,1.9024125651283587e-05,0.01324004775844502,0.012197391447367556,0.057267310033870956,,2,nan
146,G1PosBW.bmp,2.271587875650395,1.5037238421082952,-0.020475706459509246,0.8445426265438162,0.5642691923371507,0.6049615147176267,0.1563295357988032,0.10069774136543597,0.7513978872650156,0.9607863878784173,0.053498321208820275,0.8273652077948328,0.9148088986369277,0.011352344592368417,G1,3,G1Pos
147,G2NegBw.bmp,3.484736684322204,-9.805429676295319,0.1197432632761974,0.8632207106637679,0.5270703861578749,0.6478369710552205,0.2630484781922997,0.5376818063933039,0.04484877264179143,0.968546014922162,0.12160530473131345,0.7180450022307093,0.49973397547579074,0.01948254223958933,G2,1,G2Neg
148,G2NeuBW.bmp,6.154751240081484,5.2368978050764365,-0.012560400325983071,0.9172402992185018,0.5031582346475455,0.8208451666382461,0.3189971579264866,0.0255494353742215,0.0017486371176912083,0.0029939971970087847,2.686777039646074e-05,0.004314820849521828,0.004094269151064646,0.3547360882406114,G2,2,G2Neu
149,G2PosBW.bmp,-10.710546841124984,8.054486379608024,-0.015759431213736304,0.835357225544785,0.5068299955463853,0.6800940776392135,0.628476552805578,0.04182608616460997,0.004320812638185716,0.08507056853856859,1.4672910687759188e-05,0.42911071901916154,0.03826637595496046,0.23596848554940097,G2,3,G2Pos
153,G4NegBw.bmp,-11.727027389444942,0.17943025574099858,-0.019952279113651654,0.7403630943609314,0.5151442979945693,0.5338618211182964,0.09279139971998854,0.7567330397353631,0.7532569930271726,0.9951071434227459,0.6013572806471865,0.6387904830456441,0.6043662363704247,0.0021933311448564747,G4,1,G4Neg
154,G4NeuBW.bmp,-6.147667331224918,4.167688425376955,-0.1341816173287013,0.8309389805195914,0.5103208942032527,0.900912395101785,0.8708310079358496,0.17326165691572437,0.004291264893230846,0.012222448464671482,3.242193147399426e-06,0.0028429277685213675,0.003175128487532262,0.04413984154801972,G4,2,G4Neu
155,G4PosBW.bmp,-8.693151462997752,9.039424777331435,0.05511410377461065,0.8420419428322365,0.5450418496021878,0.30468110330061904,0.31101472440194533,0.19836913126202074,0.021442411458776976,0.9349329552134452,0.0005233360636929514,0.88242451864615,0.26995585743401024,0.03613918563555376,G4,3,G4Pos
157,G5NeuBW.bmp,-5.368538253960138,7.1218618203532875,0.20002758820542568,0.8668874156606223,0.5185732184281902,0.7818833497767084,0.882352432387596,0.19234880973552515,0.015240351199790817,0.018589623421556394,7.769412733171449e-05,0.04260501069016849,0.2685333877310906,0.011387011689943079,G5,2,G5Neu
159,G5PosBW.bmp,-9.195369801200442,5.750672204964664,0.1467932157670458,0.796751321480182,0.5176672168962269,0.9169454310659055,0.93716897749675,0.06376561700871566,0.36568278465105375,0.4589968503207656,0.03485945006706666,0.6905065101013502,0.4645116366091741,0.02597751749602087,G5,3,G5Pos
160,G6NegBW.bmp,14.895806994532776,3.1091673454821156,0.031229802940536115,0.8003652032492895,0.5700237770541684,0.9255069791299309,0.5872959707803913,0.8254559104495088,0.027567611602885702,0.03942645935971092,0.0012538050849581215,0.002878638635366016,0.08072776959829592,0.47634296859719677,G6,1,G6Neg
161,G6NeuBW.bmp,15.393412468381463,3.012288082768098,-0.019632487402747076,0.9089932319578891,0.5130064874750313,0.7870922031552507,0.518251773927719,0.2774125430766021,0.002771390041380068,0.0166695836668934,4.997168712687199e-06,0.02587667941043436,0.012731533818324973,0.08704527046229456,G6,2,G6Neu
162,G6PosBW.bmp,17.980797000089233,2.2792429721888015,-0.012240434588030698,0.8521672293729481,0.5677384144438826,0.6565419247765374,0.6344552511649559,0.3908622285497166,0.06900133110729544,0.3365918049310257,0.022206395454524002,0.3060298883487091,0.42049796002879153,0.0017392452698040118,G6,3,G6Pos
163,G7NeuBW.bmp,-4.508859841958636,-0.6811073656120035,-0.016211522699647922,0.844477671856626,0.5045716711733703,0.8712639897674374,0.948762513179746,0.041118323086229064,0.029452442908201232,0.006655782008926967,1.4923143241939597e-05,0.0010205312397354122,0.007227666488640926,0.013008780620281723,G7,2,G7Neu
164,G8NegBW.bmp,-10.81776231610602,3.9404280329805443,-0.0429147775486515,0.7449924132962595,0.5154273334840003,0.5632402150385147,0.05911297747895953,0.2080874173606804,0.33653119229986556,0.8144289252295482,0.025113224958492126,0.41942233953429897,0.09168835697340817,0.4503615089567871,G8,1,G8Neg
165,G8NeuBW.bmp,2.9495567730563157,1.6510500278403029,-0.046068929763378653,0.9087892178031111,0.5069566375863269,0.9589609757450561,0.9757871354423344,0.7867302875663078,0.00849734503643777,0.11718344355528576,5.7578052479303485e-05,0.05536977924458571,0.005518830351108468,0.26915262171202936,G8,2,G8Neu
166,G8PosBW.bmp,2.0045234616695264,2.2309129994915784,-0.026120049038388677,0.8117005170985911,0.5595778970892766,0.9393319167695339,0.6881135937886598,0.7348766592016197,0.414560431804494,0.9953628910295848,0.8161949669073527,0.979147973034562,0.5385337145614634,0.0008626556457909202,G8,3,G8Pos
167,G9NegBW.bmp,8.62099418196482,0.30122326014761347,-0.040844002978669657,0.8903262052819044,0.4933031303605382,0.23879219471585028,0.05106745351630301,0.19432153641819014,0.42121721399330436,0.6705281142540381,0.021722388907764515,0.0618944741776608,0.17618898715174988,0.7960792244003847,G9,1,G9Neg
170,G10NegBW.bmp,-3.4200133930253287,1.9620842324519965,0.024127153813724177,0.745915712661906,0.5175206623329877,0.4007809218405734,0.11438878035770905,0.9918363274129736,0.9987780747361086,0.9974003857257235,0.8715408634132823,0.238256985432881,0.8959254162394994,0.016155559233488683,G10,1,G10Neg
172,G10PosBW.bmp,10.42019473278977,6.31875317441448,0.12444034847517034,0.7890304176938341,0.5321933782679019,0.8509346180661204,0.928919333905492,0.06740861158603635,0.03688216493771875,0.9259638157579068,0.009774764182365309,0.9947409209133248,0.3011667728005605,0.002907181526864691,G10,3,G10Pos
177,G11PosBW.bmp,-9.303078117339098,-0.45019744692659486,0.0014416392116521405,0.7861475156583324,0.5235238721528357,0.8496301738389019,0.8050414027901388,0.07159038218337052,0.07028567844025752,0.5441154545134179,0.0035592407433603984,0.9712679766449603,0.33338146570531324,0.03129330081693594,G11,3,G11Pos
178,G12NegBW.bmp,-18.98617446269115,2.508396924947906,-0.05235119449901953,0.6600171049263059,0.5751669253951147,0.27455978918255125,0.3333979925213214,0.8800058213781761,0.8994546545881897,0.9165728858613243,0.2898180674827088,0.916449533526587,0.818601532128043,0.06300271801070541,G12,1,G12Neg
179,G12NeuBW.bmp,-7.563140323426369,2.0048487601124156,-0.05168377562474999,0.8196285659605964,0.4977015880223496,0.7503452921280034,0.7810219594017686,0.08576089207917968,0.0006697874007698848,0.01458550061425269,1.5146518379714596e-05,0.003584020320352926,0.024415350767142848,0.04065427157929049,G12,2,G12Neu
181,G12PosBW.bmp,-11.395726715626454,7.695906836644512,0.15343932939656887,0.7108964568605122,0.6071883741621965,0.6604240744852636,0.5853023851874947,0.4350884786111637,0.2919494389831471,0.9543266591732115,0.008860163788577222,0.38731059436310133,0.5442428042948584,0.028238207765386655,G12,3,G12Pos
182,G13NegBW.bmp,-17.902294629564537,14.064974144256647,-0.06859950060647244,0.8082322556678242,0.49822699842820856,0.6102281885011644,0.4734425491557617,0.09677770646656947,0.055770178895437734,0.01666895543606139,0.025612293945735155,0.004304328797872017,0.07049183613368004,0.01775429736451837,G13,1,G13Neg
183,G13NeuBW.bmp,17.160176392460528,0.2923333332512843,-0.09498571591205308,0.9122000274317585,0.5105581650277999,0.2505723150365623,0.4399971130928941,0.1968865160304258,0.00600488273867365,0.04228128006334522,0.0003477340401254972,0.008296630358495332,0.00914639251207527,0.017693152754363218,G13,2,G13Neu
184,G13PosBW.bmp,17.125922110196147,3.034766205290836,-0.07931338626674403,0.8949739267000048,0.5422956773417196,0.3380113672421913,0.17755173920482564,0.11375072449774325,0.03345905400291421,0.7494199876404162,0.0004022941138308463,0.23962367233861773,0.6877170385752981,0.0011770690259530535,G13,3,G13Pos
185,G14NegBW.bmp,-1.7266073666358777,8.955964613154984,0.2329341587491443,0.7735192765263212,0.5603622701529539,0.30100978163253883,0.3635554459115896,0.42550826931689834,0.7972342629858786,0.26872457943753997,0.051455336185417304,0.09216696886411829,0.605918772543051,0.050547194907699655,G14,1,G14Neg
186,G14NeuBW.bmp,-0.3411129800548734,5.174596003501575,0.0735807548917087,0.9017813376746399,0.5147483285906167,0.4613531391504585,0.4383735563957109,0.02255088221760778,0.003983287313843802,0.0036031376935112005,9.11299073627837e-06,0.009771200600168938,0.004459533791812396,0.01928846892008992,G14,2,G14Neu
187,G14PosBW.bmp,-3.3902253679239105,2.9976513623919043,0.023883160668011563,0.8264723155920367,0.6043287125801861,0.8746193252110954,0.798790843500793,0.1894200211146677,0.015480980383547324,0.4937532165795412,9.325982675346168e-05,0.8730796067765934,0.6067287136463315,0.01883379249539472,G14,3,G14Pos
188,G15NegBW.bmp,-3.1031689637374456,6.573930266567957,-0.015389425688895434,0.7877980092661039,0.5214494999947443,0.7841516910306634,0.9377242203640348,0.3686849339152856,0.019270289901093203,0.013761478659695655,0.0001179089929329558,0.013189433814103334,0.12155960820670879,0.02651166964029362,G15,1,G15Neg
189,G15NeuBW.bmp,-6.680556326898093,10.37284711518951,0.023898977332439248,0.8309163113123338,0.5168381508069266,0.9671389561387824,0.9482403083016413,0.5464398643942573,0.001952353502253576,0.011256237549354169,0.00011110565781661101,0.008629359688337754,0.15645151463826173,0.11754924074258935,G15,2,G15Neu
190,G15PosBW.bmp,1.5188758670135776,13.837738016660786,0.5490792727350433,0.9197841053693243,0.5820340754527533,0.9817614991907088,0.7941394723838674,0.11676149037182432,0.03441970710911,0.5587148911195599,0.0013115029815084413,0.5042796121310724,0.44887386638859794,0.010875788905235516,G15,3,G15Pos
191,G16NegBW.bmp,0.9470213062826275,6.9892278462170925,0.16543513055578468,0.8100002122933465,0.5715621864536177,0.7607176985446228,0.13119025318210956,0.26952028543709217,0.8834533896292559,0.7394278602798485,0.15109587638001812,0.015325854299325429,0.7368982895575297,0.009608930519531088,G16,1,G16Neg
194,G16PosBW.bmp,-6.354364659541202,4.923447902161286,-0.002360865532517176,0.7994761146864238,0.5492022671927486,0.9608186468181956,0.5438551284895241,0.6933155113999246,0.6872801590131943,0.9790023159396302,0.4513819072746821,0.2533704024919471,0.8961544633606967,0.14187458222775756,G16,3,G16Pos
195,G17NegBW.bmp,4.366017467512421,-4.647060781311043,0.03203613568403772,0.8180261531659749,0.5030496016999899,0.5227838331765684,0.2543840058715022,0.4834730672945571,0.5294770409151163,0.897499477934905,0.6793791865249076,0.6374617757735532,0.4774556971108965,0.04533991854802587,G17,1,G17Neg
196,G17NeuBW.bmp,8.215945793328927,-0.3008499793843986,-0.025636353272523917,0.8872596771425434,0.5041298245029245,0.695202712924885,0.816821002905579,0.005608954916744584,0.0007549128424493634,0.0011223039363334028,6.82646186435237e-06,0.001010941321112125,0.0025375077218224343,0.007970436863750149,G17,2,G17Neu
197,G17PosBW.bmp,2.5567848773918262,3.2611642618248227,0.002194978819997456,0.8406888310859079,0.5085487294990584,0.4751501307883894,0.6647661145702858,0.019751673524718134,0.04031885450117575,0.24621128094844066,0.0008422706505870425,0.881775708544843,0.08606422161343605,0.4913265771770084,G17,3,G17Pos
198,G18NegBW.bmp,1.4939962558561366,-1.002232911330152,-0.017405829533325402,0.7991911963351934,0.5189719502480168,0.718796732776951,0.8615419748948249,0.867889176001942,0.9818387557700949,0.9822925641718869,0.9879067372255107,0.8671653412783159,0.9479136030878769,0.060732178697493644,G18,1,G18Neg
200,G18PosBW.bmp,5.81795083862511,-5.911593330876994,0.07090728245756034,0.8352452109676871,0.5017792022430173,0.6968541307019711,0.5210837855614668,0.10602375657782714,0.10139219196694357,0.9235415763601001,0.0013017419840020918,0.32063966144498557,0.08186401859402295,0.622435719798675,G18,3,G18Pos
202,G19NegBW.bmp,-4.855926122869904,7.234188309824886,0.023119408437079728,0.7581188968258545,0.5970423509891258,0.8014372034915858,0.553560258974638,0.9769049833303953,0.9579247905634343,0.9499351760055386,0.9712539581324,0.30362713943491576,0.7933860410548557,0.0009710837611778821,G19,1,G19Neg
203,G19NeuBW.bmp,-3.992489127145349,6.250734952181138,0.028509883770208036,0.879031206431871,0.4999324403758407,0.720153198979059,0.7152169268155378,0.04260628356511399,0.012847583429836775,0.00831506128820091,8.177171407324644e-06,0.003406618938489874,0.0038201977025741126,0.016537371240289464,G19,2,G19Neu
204,G19PosBW.bmp,-0.25469451899498724,6.612223841466277,0.052574479938353104,0.7546310736615836,0.5366330143423467,0.14310595159726505,0.07130310423587827,0.9364005605596253,0.7735964924796599,0.9787122901294187,0.8055078771376626,0.8901845204619135,0.4578423601264642,0.025478263096346685,G19,3,G19Pos
209,G20PosBW.bmp,15.641660494130168,-3.8155702827064735,-0.11043199312272836,0.8155704185766737,0.5805881506797006,0.812739698802833,0.24801157061782042,0.621594442082453,0.15868748065843288,0.48702493815134323,0.007216757605950846,0.27049570471598194,0.7138775703482059,0.386556074765682,G20,3,G20Pos
211,G21PosBW.bmp,1.0400568369918197,5.082903043486388,0.07223971298368267,0.8543471260706432,0.559242783321441,0.6640565192955608,0.2883788080709182,0.4939405234386888,0.12510283868087163,0.6122537839223083,0.0004205196091003322,0.8325569365120032,0.41731573086471335,0.06885993419178867,G21,3,G21Pos
212,G22PosBW.bmp,6.627891281658659,2.255495468846126,-0.03322600965240484,0.822673975974001,0.5797999364553601,0.677567790059062,0.3603591560867191,0.5485510034407831,0.4851090830915343,0.9680139256979989,0.27699095444448907,0.6374723096142402,0.922767766853622,0.018016666444155255,G22,3,G22Pos
216,G23NeuBW.bmp,-10.722086093187368,12.539971156084057,0.12627460814993285,0.8383735330399578,0.4953482917807749,0.7258370272431623,0.43852563449772874,0.01732729570675171,0.0035621545894845208,0.011515447405184355,2.575438434386707e-05,0.03153830364669064,0.0068489541570586655,0.0901154969700353,G23,2,G23Neu
218,G23PosBW.bmp,-5.32828339101169,8.804677942002648,0.18414109881791482,0.8128050167743888,0.5502758406032855,0.8679717322274423,0.8504211391621402,0.48182997259786126,0.2342085422385109,0.6947767185592124,0.00740568719836785,0.9080198462574497,0.8744547283349761,0.01648539918798489,G23,3,G23Pos
219,G24NegBW.bmp,3.807000436033894,9.143537348995785,0.147149633364673,0.8828152999252539,0.49495712670647424,0.29548402341084706,0.11740234730947609,0.3903268096200846,0.3682011710826509,0.016553184810451423,0.003405539064606792,0.0011481027996420934,0.007936278169337695,0.17914065289781944,G24,1,G24Neg
220,G24NeuBW.bmp,7.717034479561071,4.551474860968128,0.012806194875866721,0.90499511822833,0.5038364559923876,0.5714797544779628,0.7050155337217293,0.12054956372377705,0.002145688208194579,0.005291510912133067,6.1381131878035795e-06,0.0013718761605968667,0.008220600171168522,0.0050961572586101815,G24,2,G24Neu
221,G24PosBW.bmp,4.386920306989023,6.648715244017003,0.20283123640023853,0.8259882478974303,0.5943927724519086,0.6443026162645292,0.24577912265825583,0.45959532429753297,0.8514077872665698,0.9880502218099785,0.49437363234702314,0.19199703024464201,0.6618331490951799,0.0034168172752343275,G24,3,G24Pos
222,G25NegBW.bmp,5.75321976188354,14.4855814574277,0.4364304729044941,0.7970100252498046,0.5190099454728259,0.3320705828216286,0.12593709552736007,0.7617349791180477,0.566340079930402,0.6738761916054609,0.13219965804051093,0.031770282075503725,0.46369199787528836,0.011467803413158556,G25,1,G25Neg
223,G25NeuBW.bmp,-11.114900444980998,13.442838935843788,-0.1116494340053935,0.8457587979367547,0.5017234160378038,0.677730457735947,0.5474720361016683,0.03928404233284438,0.006639033313091308,0.013641050313918218,0.0011349547653948457,0.001724501352047062,0.011924002701427508,0.053083598467673646,G25,2,G25Neu
224,G25PosBW.bmp,3.135977702620827,7.4546798566922945,0.08431040650898777,0.8664119781205961,0.5060130378568897,0.748552581915204,0.5925036801913358,0.4583917006856896,0.2258478267680578,0.35317633600814335,0.0015099421900565317,0.31415745667724215,0.2867956913091396,0.04949993564830698,G25,3,G25Pos
226,G26NegBW.bmp,15.806956845405315,-5.828926299676816,0.012302022069100619,0.8553909609297461,0.6057321737109014,0.9708147584376869,0.6999928152993556,0.8205736524049436,0.11274722127853173,0.06346232253429782,0.0021360766101629937,0.0023552126379759,0.5547349165638434,0.28588637388904214,G26,1,G26Neg
228,G26NeuBW.bmp,0.6438396433175988,9.060307286362283,0.12514210453698954,0.8989079095233554,0.5298289166403096,0.7487652783264462,0.5907147789482405,0.04778503151639608,0.049138913776342115,0.026089048128454216,3.2194442952966783e-05,0.010751830541566136,0.37924177961071087,0.0073093037043870145,G26,2,G26Neu
229,G26PosBW.bmp,0.009076188110684535,2.447998394248864,-0.032575652637688426,0.8227336460147112,0.5467597549847507,0.6879152640464545,0.24484993079052897,0.6079571892607325,0.5570210421589208,0.9759742216661204,0.20838925883958453,0.955720987839995,0.7285619946476799,0.052760994082678044,G26,3,G26Pos
230,G27NegBW.bmp,0.9645867025149517,4.132299679202005,0.11676266319757109,0.8099811377757574,0.5259580825802479,0.7772936567900284,0.7849954669591322,0.9817179580281047,0.9947491392402906,0.998913940207007,0.9963321292980318,0.8497832153791625,0.9868451051973369,0.0026828460665247154,G27,1,G27Neg
231,G27NewBW.bmp,14.087284638081945,0.10060300028554867,-0.07067040483742196,0.8901519022947904,0.524518773183376,0.1672383087087767,0.27710199359883547,0.011856282033654318,0.009688233396314512,0.03720935240995785,0.00042564517787621093,0.045319887765737296,0.08052954844259906,0.004015392650789423,,2,nan
232,G27PosBW.bmp,9.657263977824458,4.206928485409849,0.1015214053937244,0.8010881905985127,0.6384986516932759,0.7219207342207641,0.3370878518526059,0.8084979625999071,0.4790437027270726,0.701453576592158,0.17435489856472017,0.03127683790547541,0.8189547837262471,0.010767174340969155,G27,3,G27Pos
233,G28NegBW.bmp,-2.6337989278249045,8.690273044182163,0.15786413150932432,0.8528210941875205,0.506895944693455,0.9547391682414347,0.8226022417093156,0.3164172859610546,0.3370798098116113,0.0074687268875852034,0.0020377958875035435,0.000850854495424326,0.17480862303753783,0.060426073875687485,G28,1,G28Neg
236,G29NegBW.bmp,14.44083987762502,1.5633398804536314,0.053250250394242686,0.8216498278175812,0.5423001464512701,0.33627280027794815,0.15162621667582687,0.8397332027356517,0.8056145807076804,0.9396014979702894,0.7154812290995055,0.599138614717656,0.8676933221295925,0.015412582999642628,G29,1,G29Neg
237,G29NeuBW.bmp,0.604839461453932,1.7985503514467676,-0.05119803147364554,0.8725018752700888,0.5072375349138034,0.48960024321554413,0.296023798870002,0.009993119547863161,0.002589366591055842,0.004512223450561799,2.8247615378139738e-05,0.007104141229407386,0.002814887087810063,0.008976257992228006,G29,2,G29Neu
238,G29PosBW.bmp,4.107674988144566,6.3620457963212775,0.1855936474943304,0.8262694560751835,0.5522641305469196,0.20284503432905202,0.0578981651875434,0.2172125296130756,0.7285553193513973,0.9767297685891109,0.3236768489081814,0.9833379609486693,0.6463311533460102,0.0008276518280467426,G29,3,G29Pos
239,G30NegBW.bmp,11.313692291103179,9.834012258932097,0.6823764626952968,0.7748765800551409,0.6080625747872134,0.9715406281149741,0.49287283916373953,0.944666897219285,0.32304742558496735,0.483896975891509,0.35329888923818736,0.06222441672225178,0.8433043989084531,0.000561083020894547,G30,1,G30Neg
240,G31NeuBW.bmp,2.681047892414314,4.416453310910697,0.008120316508520117,0.8858562140663748,0.5026413517537269,0.6800960885641631,0.7670325262777831,0.012484934764098291,0.0074722540157126,0.002146891668162612,5.854798042920299e-06,0.011583584832648071,0.005844013006178119,0.0329111931140051,G31,2,G31Neu
241,G31PosBW.bmp,-4.475923120907963,1.9991246024002,-0.03795224282622566,0.8690579749827878,0.5009690869910559,0.1971868376521084,0.8022199030302266,0.007321798003180162,0.020859542937211487,0.04253967507640003,1.6237737688823567e-05,0.4226621479449352,0.007450852105085101,0.2776470124793215,G31,3,G31Pos
242,G32NegBW.bmp,-9.136623283282445,8.158707565059444,-0.06977579817055125,0.7502663984776536,0.5357659471557508,0.6163612897747526,0.2443499615503651,0.9947917470321523,0.9983831525115483,0.9925730300126098,0.9742559762467703,0.06417756309636714,0.9759168174310172,0.000797335373132553,G32,1,G32Neg
243,G32PosBW.bmp,8.141682676657618,1.2244999204729798,-0.06317170847451559,0.8890915616328021,0.5791777301878017,0.7714452533085036,0.6180727069716951,0.7126805352688256,0.2037363104093386,0.7728708930573029,0.023047933057591435,0.09009076375904891,0.8807248133298126,0.0013936498981331948,G32,3,G32Pos
244,G32PosBW.bmp,8.141682676657618,1.2244999204729798,-0.06317170847451559,0.8890915616328021,0.5791777301878017,0.7714452533085036,0.6180727069716951,0.7126805352688256,0.2037363104093386,0.7728708930573029,0.023047933057591435,0.09009076375904891,0.8807248133298126,0.0013936498981331948,G32,3,G32Pos
245,G33NegBW.bmp,3.4681899335406072,10.676711972377614,0.3956172113076584,0.7976698325645227,0.5297226468679556,0.5812624160591828,0.3362067466692023,0.9959853265851588,0.9964181141589525,0.996635533151555,0.9755428936785084,0.09658089879661808,0.9846214403778402,0.0037508407544857144,G33,1,G33Neg
247,G33PosBW.bmp,11.69016450081857,-1.34615895272474,-0.05731886042815959,0.9013355346918448,0.5142536028163212,0.6902828905342764,0.461885257394073,0.06713944257526677,0.023338332778242956,0.687405873163733,7.592800006382352e-05,0.9127557328127174,0.46281556292466797,0.1741391209490639,G33,3,G33Pos
251,G33NegBW.bmp,3.4681899335406072,10.676711972377614,0.3956172113076584,0.7976698325645227,0.5297226468679556,0.5812624160591828,0.3362067466692023,0.9959853265851588,0.9964181141589525,0.996635533151555,0.9755428936785084,0.09658089879661808,0.9846214403778402,0.0037508407544857144,G33,1,G33Neg
255,G34NegBW.bmp,11.969004209077507,-10.082612815016226,0.06747271953987942,0.8882494840655122,0.49792745426267776,0.42544881285466873,0.03115967542726226,0.6434593918659669,0.6700100726580565,0.24407732056806355,0.0031542654627384433,0.00478613387484016,0.8548141428347367,0.11129697619056503,G34,1,G34Neg
256,G34NeuBW.bmp,9.400519556253403,-4.558382476112511,0.03450638337736964,0.9116686575845909,0.4854822091512312,0.7104589391738159,0.7388275786751238,0.09736109222888444,0.0046386519771597755,0.0067924820492800495,1.414845600179265e-05,0.0025025564720443164,0.0006825881764040547,0.3417103093765054,G34,2,G34Neu
257,G34PosBW.bmp,-2.2380787456813493,-0.32701920239006377,-0.039003056522234174,0.8332753015165099,0.5199731792268744,0.7532573410938131,0.3747551651197697,0.5523166268037898,0.19381040290711507,0.7686612576011262,0.01586752215021637,0.505514124305428,0.339445837967007,0.054248470282109044,G34,3,G34Pos
258,G35NegBW.bmp,9.595571787177093,-1.0074204500733206,-0.07578553499452226,0.7389960802779492,0.5669800301457333,0.5549400419099719,0.24787679507409693,0.9630123799383226,0.892812071564738,0.9881881929348303,0.6227144705794836,0.5999409971496151,0.9922389597551732,0.01197236077840135,G35,1,G35Neg
259,G35PosBW.bmp,-10.930387005374191,7.578056526383239,0.07311128095800788,0.8310025395213388,0.5275524271537614,0.09688221531461634,0.3580129948846721,0.030452523191370675,0.06744706991951317,0.36708994353916,0.00014435378651608444,0.9037497407085108,0.11004708194982177,0.07596971945930493,G35,3,G35Pos